model,price_idr,rating,network_generation,volte,nfc,ir_blaster,cpu_core_count,clock_ghz,ram_gb,storage_gb,battery_mah,screen_size_in,resolution_width_px,rear_camera_count,rear_camera_max_mp,front_camera_mp
oneplus 11 5g,10408011,89.0,5,1,1,0,8,3.2,12,12,5000,6.7,1440,3,50.0,16.0
oneplus nord ce 2 lite 5g,3782718,81.0,5,1,0,0,8,2.2,6,6,5000,6.59,1080,3,64.0,16.0
samsung galaxy a14 5g,3122271,75.0,5,1,0,0,8,2.4,4,4,5000,6.6,1080,3,50.0,13.0
motorola moto g62 5g,2838411,81.0,5,1,0,0,8,2.2,6,6,5000,6.55,1080,3,50.0,16.0
realme 10 pro plus,4730811,82.0,5,1,0,0,8,2.6,6,6,5000,6.7,1080,3,108.0,16.0
samsung galaxy f23 5g,3216891,80.0,5,1,1,0,8,2.2,6,6,5000,6.6,1080,3,50.0,8.0
apple iphone 14,12489651,81.0,5,1,1,0,6,3.22,6,6,3279,6.1,1170,2,12.0,12.0
xiaomi redmi note 12 pro plus,5677011,86.0,5,1,0,1,8,2.6,8,8,4980,6.67,1080,3,200.0,16.0
nothing phone 1,5061981,85.0,5,1,1,0,8,2.5,8,8,4500,6.55,1080,2,50.0,16.0
oneplus nord 2t 5g,5487771,84.0,5,1,1,0,8,3.0,8,8,4500,6.43,1080,3,50.0,32.0
realme 10 pro,3595371,82.0,5,1,0,0,8,2.2,6,6,5000,6.72,1080,2,108.0,16.0
oppo a78,3595371,79.0,5,1,1,0,8,2.2,8,8,5000,6.56,720,2,50.0,8.0
xiaomi redmi note 12 pro 5g,4685961,79.0,5,1,0,1,8,2.6,6,6,5000,6.67,1080,3,50.0,16.0
vivo t1 5g,3215188,80.0,5,1,0,0,8,2.2,6,6,5000,6.58,1080,3,50.0,16.0
samsung galaxy s23 ultra 5g,21760708,80.0,5,1,1,0,8,3.2,8,8,5000,6.8,1440,1,200.0,12.0
apple iphone 13,11921931,79.0,5,1,1,0,6,3.22,4,4,3240,6.1,1170,2,12.0,12.0
vivo y16,1892211,65.0,4,1,0,0,8,2.3,3,3,5000,6.51,720,2,13.0,5.0
oppo reno 9 pro plus,8704851,86.0,5,1,1,0,8,3.2,16,16,4700,6.7,1080,3,50.0,32.0
oneplus 10r 5g,6244731,86.0,5,1,1,0,8,2.85,8,8,5000,6.7,1080,3,50.0,16.0
vivo y22,2743791,72.0,4,1,0,0,8,2.0,4,4,5000,6.55,720,2,50.0,8.0
oneplus 11r,7569411,85.0,5,1,1,0,8,3.2,8,8,5000,6.7,1080,3,50.0,16.0
vivo v25 pro 5g,6812451,85.0,5,1,0,0,8,3.0,8,8,4830,6.56,1080,3,64.0,32.0
poco x4 pro 5g,2838411,80.0,5,1,0,1,8,2.2,6,6,5000,6.67,1080,3,64.0,16.0
xiaomi redmi note 12,3379637,76.0,5,1,0,1,8,2.0,4,4,5000,6.67,1080,3,48.0,13.0
vivo v26 pro,8135428,87.0,5,1,1,0,8,3.2,12,12,4800,6.7,1080,3,64.0,32.0
samsung galaxy s20 fe 5g,5911668,88.0,5,1,1,0,8,2.84,8,8,4500,6.5,1080,3,12.0,32.0
oneplus nord ce 2 lite 5g,4162334,84.0,5,1,0,0,8,2.2,8,8,5000,6.59,1080,3,64.0,16.0
vivo v25 5g,5298531,83.0,5,1,0,0,8,2.0,8,8,4500,6.44,1080,3,64.0,50.0
oneplus 11 pro,13246611,80.0,5,1,1,0,8,3.2,8,8,4500,6.7,1440,3,50.0,16.0
realme 10 pro,3784611,84.0,5,1,0,0,8,2.2,8,8,5000,6.72,1080,2,108.0,16.0
poco x5 pro,3973851,81.0,5,1,1,1,8,2.4,6,6,5000,6.67,1080,3,108.0,16.0
vivo v27,5296828,83.0,5,1,0,0,8,2.2,8,8,4700,6.56,1080,3,64.0,50.0
apple iphone 11,7380171,73.0,4,1,1,0,6,2.65,4,4,3110,6.1,828,2,12.0,12.0
samsung galaxy m53 5g,4502020,85.0,5,1,0,0,8,2.4,6,6,5000,6.7,1080,1,108.0,32.0
samsung galaxy s21 fe 5g,7569411,87.0,5,1,1,0,8,2.9,8,8,4500,6.4,1080,3,12.0,32.0
oppo reno 8t,5675308,87.0,5,1,1,0,8,2.2,8,8,5000,6.67,1080,3,108.0,16.0
samsung galaxy s22 ultra 5g,17409891,80.0,5,1,1,0,8,3.0,12,12,5000,6.8,1440,1,108.0,40.0
xiaomi redmi note 12 pro max 5g,6244731,83.0,5,1,0,1,8,2.36,6,6,5200,6.67,1080,1,108.0,32.0
oppo reno 9 5g,5393151,83.0,5,1,1,0,8,2.4,8,8,4500,6.7,1080,2,64.0,32.0
oneplus nord ce 3 5g,4163091,83.0,5,1,1,0,8,2.2,6,6,5000,6.7,1080,3,108.0,16.0
xiaomi redmi note 11 pro plus 5g,3784611,83.0,5,1,0,1,8,2.2,6,6,5000,6.67,1080,3,108.0,16.0
motorola edge 20 fusion 5g,3595371,87.0,5,1,1,0,8,2.4,6,6,5000,6.67,1080,3,108.0,32.0
realme 10 pro plus,5298531,85.0,5,1,0,0,8,2.6,8,8,5000,6.7,1080,3,108.0,16.0
vivo y35,3500751,80.0,4,1,0,0,8,2.4,8,8,5000,6.58,1080,3,50.0,16.0
samsung galaxy m33 5g,3307537,81.0,5,1,1,0,8,2.4,6,6,6000,6.6,1080,1,50.0,8.0
xiaomi redmi note 11,2258769,76.0,4,1,0,1,8,2.4,4,4,5000,6.43,1080,1,50.0,13.0
realme c33,1693698,64.0,4,1,0,0,8,1.8,3,3,5000,6.5,720,2,50.0,5.0
vivo y16,2363418,68.0,4,1,0,0,8,2.3,4,4,5000,6.51,720,2,13.0,5.0
samsung galaxy a74 5g,8137131,80.0,5,1,1,0,8,2.36,8,8,5000,6.7,1080,1,108.0,32.0
samsung galaxy a14 5g,3595371,79.0,5,1,0,0,8,2.4,6,6,5000,6.6,1080,3,50.0,13.0
iqoo neo 7 5g,5677011,82.0,5,1,1,1,8,3.1,8,8,5000,6.78,1080,3,64.0,16.0
jio jiophone 5g,2268988,64.0,5,1,0,0,8,2.2,4,4,5000,6.5,720,1,13.0,8.0
motorola moto g82 5g,3595371,83.0,5,1,1,0,8,2.2,6,6,5000,6.6,1080,3,50.0,16.0
realme 10,2649171,74.0,4,1,0,0,8,2.2,4,4,5000,6.4,1080,2,50.0,16.0
realme 9i 5g,2831977,75.0,5,1,0,0,8,2.4,4,4,5000,6.6,1080,3,50.0,8.0
apple iphone 14 plus,14192811,82.0,5,1,1,0,6,3.22,6,6,4325,6.7,1284,2,12.0,12.0
xiaomi redmi note 10s,2081451,78.0,4,1,0,1,8,2.05,6,6,5000,6.43,1080,1,64.0,13.0
samsung galaxy s23 plus,16083508,89.0,5,1,1,0,8,3.2,8,8,4700,6.6,1080,3,50.0,12.0
motorola moto g32,1986831,75.0,4,1,0,0,8,2.4,4,4,5000,6.55,1080,3,50.0,16.0
xiaomi redmi note 13 pro 5g,3404428,78.0,5,1,1,1,8,2.0,6,6,5000,6.67,1080,3,108.0,16.0
vivo s16,5675308,85.0,5,1,1,0,8,3.2,8,8,4600,6.78,1080,3,64.0,50.0
samsung galaxy a23,3500751,79.0,4,1,0,0,8,2.4,6,6,5000,6.6,1080,1,50.0,8.0
vivo y22,3122271,75.0,4,1,0,0,8,2.0,6,6,5000,6.55,720,2,50.0,8.0
poco m4 pro 5g,2838411,81.0,5,1,0,1,8,2.4,6,6,5000,6.6,1080,2,50.0,16.0
vivo s16 pro,6717831,86.0,5,1,1,0,8,3.1,8,8,4600,6.78,1080,3,50.0,50.0
oneplus 10 pro 5g,11543451,89.0,5,1,1,0,8,3.0,8,8,5000,6.7,1440,3,50.0,32.0
xiaomi redmi note 12 pro plus,6244731,87.0,5,1,0,1,8,2.6,12,12,4980,6.67,1080,3,200.0,16.0
samsung galaxy f23 5g,3027651,78.0,5,1,1,0,8,2.2,4,4,5000,6.6,1080,3,50.0,8.0
oppo find n fold,18922108,80.0,5,1,1,0,8,3.2,8,8,5000,7.1,1792,3,64.0,32.0
oppo a17k,1797591,62.0,4,1,0,0,8,2.3,3,3,5000,6.56,720,1,8.0,5.0
vivo v23 5g,5297585,86.0,5,1,0,0,8,2.5,12,12,4200,6.44,1080,4,64.0,50.0
iqoo z6 lite 5g,2647278,75.0,5,1,0,0,8,2.0,4,4,5000,6.58,1080,2,50.0,8.0
oneplus 10t,8515611,85.0,5,1,1,0,8,3.2,8,8,4800,6.7,1080,3,50.0,16.0
xiaomi redmi note 10t 5g,2649171,79.0,5,1,0,1,8,2.2,6,6,5000,6.5,1080,3,48.0,8.0
gionee g13 pro,1171396,80.0,4,1,0,0,4,2.0,4,4,3500,6.26,720,1,13.0,5.0
apple iphone 13 pro,22689876,83.0,5,1,1,0,6,3.22,6,6,3095,6.1,1170,3,12.0,12.0
oppo f22 pro,5234378,83.0,5,1,0,0,8,2.2,8,8,4800,6.58,1080,3,64.0,32.0
xiaomi redmi 10a,1587345,66.0,4,1,0,0,8,2.0,4,4,5000,6.53,720,1,13.0,5.0
motorola moto g72 4g,3027651,83.0,4,1,1,0,8,2.2,6,6,5000,6.55,1080,3,108.0,16.0
samsung galaxy a14 5g,3973851,82.0,5,1,0,0,8,2.4,8,8,5000,6.6,1080,3,50.0,13.0
realme 9 5g,2649171,75.0,5,1,0,0,8,2.4,4,4,5000,6.5,1080,3,48.0,16.0
vivo t1 5g,3782908,83.0,5,1,0,0,8,2.2,8,8,5000,6.58,1080,3,50.0,16.0
samsung galaxy m13 5g,2649171,75.0,5,1,0,0,8,2.2,6,6,5000,6.5,720,2,50.0,5.0
motorola edge 30 5g,4352331,83.0,5,1,1,0,8,2.5,6,6,4020,6.5,1080,3,50.0,32.0
samsung galaxy a23 5g,4352331,79.0,5,1,0,0,8,2.2,6,6,5000,6.6,1080,1,50.0,8.0
oppo k10 5g,3216891,79.0,5,1,0,0,8,2.4,8,8,5000,6.56,720,2,48.0,8.0
xiaomi redmi note 11,2704240,80.0,4,1,0,1,8,2.4,6,6,5000,6.43,1080,1,50.0,13.0
samsung galaxy a73 5g,7947891,80.0,5,1,1,0,8,2.4,8,8,5000,6.7,1080,1,108.0,32.0
vivo y21 2021,2552658,69.0,4,1,0,0,8,2.3,4,4,5000,6.51,720,2,13.0,8.0
oneplus ace racing edition 5g,4350628,83.0,5,1,1,0,8,2.85,8,8,5000,6.59,1080,3,64.0,16.0
motorola moto g62,3122271,84.0,5,1,0,0,8,2.2,8,8,5000,6.55,1080,3,50.0,16.0
vivo x90 pro plus 5g,14003571,80.0,5,1,1,1,8,3.2,12,12,4700,6.78,1440,1,3.0,32.0
realme c33,1892211,67.0,4,1,0,0,8,1.8,4,4,5000,6.5,720,2,50.0,5.0
realme 9i,2365311,75.0,4,1,0,0,8,2.4,4,4,5000,6.6,1080,3,50.0,16.0
oppo a17,2365311,72.0,4,1,0,0,8,2.3,4,4,5000,6.56,720,2,50.0,5.0
iqoo 11 5g,11354211,88.0,5,1,1,0,8,3.2,8,8,5000,6.78,1440,3,50.0,16.0
vivo x fold 5g,20246788,80.0,5,1,1,0,8,3.0,12,12,4600,8.03,1916,1,50.0,16.0
vivo t1 5g,3025948,78.0,5,1,0,0,8,2.2,4,4,5000,6.58,1080,3,50.0,16.0
xiaomi redmi note 11 pro max 5g,3784611,83.0,5,1,0,1,8,2.4,6,6,5200,6.67,1080,1,108.0,32.0
motorola moto s30 pro,4539868,83.0,5,1,0,0,8,2.9,8,8,4400,6.55,1080,3,50.0,32.0
realme 10s,2459931,80.0,5,1,0,0,8,2.4,8,8,5000,6.6,1080,2,50.0,8.0
oppo f19 pro plus 5g,3782908,82.0,5,1,0,0,8,2.4,8,8,4310,6.43,1080,1,48.0,16.0
xiaomi 13 pro 5g,11163268,80.0,5,1,1,1,8,3.2,8,8,4820,6.73,1440,3,50.0,32.0
vivo v27 pro,8326371,87.0,5,1,0,0,8,3.2,12,12,5000,6.73,1080,3,108.0,32.0
samsung galaxy s22 5g,9461811,86.0,5,1,1,0,8,3.0,8,8,3700,6.1,1080,3,50.0,10.0
vivo t1 44w,3027651,79.0,4,1,0,0,8,2.4,6,6,5000,6.44,1080,3,50.0,16.0
oneplus 10r 5g,7001691,87.0,5,1,1,0,8,2.85,12,12,5000,6.7,1080,3,50.0,16.0
tecno phantom x2,7569411,85.0,5,1,1,0,8,3.05,8,8,5160,6.8,1080,3,64.0,32.0
xiaomi redmi k50i 5g,4352331,82.0,5,1,0,1,8,2.85,6,6,5080,6.6,1080,3,64.0,16.0
samsung galaxy a53 5g,6055491,87.0,5,1,1,0,8,2.4,6,6,5000,6.5,1080,1,64.0,32.0
xiaomi redmi a1,1167800,80.0,4,1,0,0,4,2.0,2,2,5000,6.52,720,1,8.0,5.0
oppo reno8 5g,5552302,83.0,5,1,1,0,8,3.0,8,8,4500,6.43,1080,3,50.0,32.0
samsung galaxy m53 5g,4785690,87.0,5,1,0,0,8,2.4,8,8,5000,6.7,1080,1,108.0,32.0
iqoo z6 pro 5g,4123161,78.0,5,1,0,0,8,2.4,6,6,4700,6.44,1080,3,64.0,16.0
samsung galaxy s23,13434148,88.0,5,1,1,0,8,3.2,8,8,3900,6.1,1080,3,50.0,12.0
motorola edge 30 pro 5g,6623211,89.0,5,1,1,0,8,3.0,8,8,4800,6.7,1080,3,50.0,60.0
oneplus nord 2t,6415236,85.0,5,1,1,0,8,3.0,12,12,4500,6.43,1080,3,50.0,32.0
infinix note 12 pro 5g,3595371,84.0,5,1,0,0,8,2.4,8,8,5000,6.7,1080,3,108.0,16.0
samsung galaxy m33 5g,3689991,84.0,5,1,1,0,8,2.4,8,8,6000,6.6,1080,1,50.0,8.0
vivo v23 5g,4729865,83.0,5,1,0,0,8,2.5,8,8,4200,6.44,1080,4,64.0,50.0
motorola moto g42,2081451,78.0,4,1,1,0,8,2.4,4,4,5000,6.47,1080,3,50.0,16.0
oneplus nord ce 2 lite 5g,4730811,85.0,5,1,0,0,8,2.2,8,8,5000,6.59,1080,3,64.0,16.0
samsung galaxy a33 5g,4920051,82.0,5,1,1,0,8,2.4,6,6,5000,6.4,1080,1,48.0,13.0
xiaomi redmi 11 prime 5g,2548306,74.0,5,1,0,1,8,2.2,4,4,5000,6.58,1080,2,50.0,5.0
xiaomi redmi note 10 lite,1892211,76.0,4,1,0,1,8,2.3,4,4,5020,6.67,1080,1,48.0,16.0
motorola moto e40,1513731,71.0,4,1,0,0,8,1.8,4,4,5000,6.5,720,3,48.0,8.0
nothing phone 1,5345841,86.0,5,1,1,0,8,2.5,8,8,4500,6.55,1080,2,50.0,16.0
poco x4 pro 5g,3122271,82.0,5,1,0,1,8,2.2,6,6,5000,6.67,1080,3,64.0,16.0
xiaomi redmi note 11 pro plus 5g,4352331,87.0,5,1,0,1,8,2.2,8,8,5000,6.67,1080,3,108.0,16.0
apple iphone 11,8894091,75.0,4,1,1,0,6,2.65,4,4,3110,6.1,828,2,12.0,12.0
realme c35,2649171,74.0,4,1,0,0,8,1.8,6,6,5000,6.6,1080,3,50.0,8.0
oppo k10,2552848,78.0,4,1,0,0,8,2.4,6,6,5000,6.59,1080,3,50.0,16.0
iqoo neo 6 5g,5487771,82.0,5,1,0,1,8,3.2,8,8,4700,6.62,1080,3,64.0,16.0
iqoo z6 5g,2933031,78.0,5,1,0,0,8,2.2,4,4,5000,6.58,1080,3,50.0,16.0
oppo reno 9 pro 5g,7569411,86.0,5,1,1,0,8,2.85,16,16,4500,6.7,1080,2,50.0,32.0
poco m4 pro 5g,2459931,76.0,5,1,0,1,8,2.4,4,4,5000,6.6,1080,2,50.0,16.0
jio phone 3,851391,80.0,4,1,0,0,4,1.4,2,2,2800,5.0,720,1,5.0,2.0
oneplus clover,2838411,69.0,4,1,0,0,8,1.8,4,4,6000,6.52,720,3,13.0,8.0
samsung galaxy f04,1608351,68.0,4,1,0,0,8,2.3,4,4,5000,6.5,720,2,13.0,5.0
iqoo 7,4729108,83.0,5,1,1,0,8,3.2,8,8,4400,6.62,1080,3,48.0,16.0
samsung galaxy m34 5g,3216891,84.0,5,1,1,0,8,2.4,6,6,6000,6.5,1080,1,64.0,32.0
xiaomi redmi 10,1814622,71.0,4,1,0,0,8,2.4,4,4,6000,6.7,720,2,50.0,5.0
xiaomi redmi note 12,3782529,79.0,5,1,0,1,8,2.0,6,6,5000,6.67,1080,3,48.0,13.0
motorola moto g52,2270691,75.0,4,1,1,0,8,2.4,4,4,5000,6.6,2460,3,50.0,16.0
oppo a98,5864548,87.0,5,1,1,0,8,3.0,8,8,5000,6.7,1080,2,108.0,16.0
infinix zero 5g 2023,3689991,85.0,5,1,0,0,8,2.6,8,8,5000,6.78,1080,3,50.0,16.0
realme c30,1002783,80.0,4,1,0,0,8,1.82,2,2,5000,6.5,720,1,8.0,5.0
oppo f21 pro 5g,4914374,82.0,5,1,0,0,8,2.2,8,8,4500,6.43,1080,3,64.0,16.0
realme 11 pro,5487771,82.0,5,1,0,0,8,3.0,6,6,5000,6.4,1080,3,64.0,32.0
realme 9 4g,2838411,81.0,4,1,0,0,8,2.4,6,6,5000,6.4,1080,3,108.0,16.0
cola phone,2838411,74.0,4,1,0,0,8,2.2,4,4,5000,6.4,1080,2,50.0,16.0
apple iphone 13 pro max,24582276,84.0,5,1,1,0,6,3.22,6,6,4352,6.7,1284,3,12.0,12.0
oppo reno 10 pro plus,11163268,88.0,5,1,1,0,8,3.2,12,12,4700,6.73,1080,1,64.0,32.0
vivo x90 5g,7946188,88.0,5,1,1,1,8,3.05,8,8,4810,6.78,1260,3,50.0,32.0
samsung galaxy f13,2081451,74.0,4,1,1,0,8,2.0,4,4,6000,6.6,2408,3,50.0,8.0
xiaomi redmi note 10s,2270691,79.0,4,1,0,1,8,2.05,6,6,5000,6.43,1080,1,64.0,13.0
realme 10,3216891,79.0,4,1,0,0,8,2.2,8,8,5000,6.4,1080,2,50.0,16.0
iqoo 9 se 5g,5864548,83.0,5,1,1,0,8,2.84,8,8,4500,6.62,1080,3,48.0,16.0
infinix hot 20,3406131,75.0,5,1,0,0,8,2.4,4,4,5000,6.6,1080,1,50.0,8.0
letv y1 pro,1040631,80.0,4,1,0,0,4,2.0,4,4,4000,6.54,720,1,8.0,5.0
xiaomi redmi note 13 pro max 5g,3879231,83.0,5,1,0,1,8,2.36,6,6,5200,6.67,1080,1,108.0,32.0
realme narzo 50 pro 5g,3877528,81.0,5,1,0,0,8,2.5,6,6,5000,6.4,1080,3,48.0,16.0
oppo a74 5g,2931328,77.0,5,1,0,0,8,2.0,6,6,5000,6.5,1080,3,48.0,8.0
apple iphone 9,5675308,61.0,4,1,1,0,6,2.65,3,3,2050,4.7,750,1,12.0,7.0
iqoo z6 lite,2933031,79.0,5,1,0,0,8,2.0,6,6,5000,6.58,1080,2,50.0,8.0
xiaomi redmi note 11se,2270691,80.0,4,1,0,1,8,2.05,6,6,5000,6.43,1080,1,64.0,13.0
realme narzo 50,2081451,74.0,4,1,0,0,8,2.0,4,4,5000,6.6,1080,3,50.0,16.0
vivo y75 5g,4161388,82.0,5,1,0,0,8,2.2,8,8,5000,6.58,1080,3,50.0,16.0
vivo v25,6055491,85.0,5,1,0,0,8,2.0,12,12,4500,6.44,1080,3,64.0,50.0
poco m4 pro 4g,2270691,77.0,4,1,0,1,8,2.05,6,6,5000,6.43,1080,3,64.0,16.0
infinix zero ultra,7001691,89.0,5,1,0,0,8,2.5,8,8,4500,6.8,1080,3,200.0,32.0
tecno spark go 2023,1324491,62.0,4,1,0,0,4,2.0,3,3,5000,6.56,720,1,13.0,5.0
motorola moto x40,7569411,89.0,5,1,1,0,8,3.2,8,8,4600,6.7,1080,3,50.0,60.0
samsung galaxy f24 5g,2838411,78.0,5,1,1,0,8,2.2,4,4,5000,6.6,1080,3,50.0,8.0
realme 10 5g,2743791,79.0,5,1,0,0,8,2.2,8,8,5000,6.6,1080,2,50.0,8.0
oneplus nord 3 5g,5298531,84.0,5,1,1,0,8,3.1,8,8,4200,6.43,1080,3,50.0,32.0
motorola moto g82,3879231,86.0,5,1,1,0,8,2.2,8,8,5000,6.6,1080,3,50.0,16.0
ikall z19 pro,1532655,60.0,4,1,0,0,4,1.6,4,4,5000,6.5,720,1,13.0,8.0
leeco s1 pro,2081451,65.0,4,1,0,0,4,1.8,8,8,5000,6.5,720,1,13.0,5.0
realme c2s,662151,63.0,4,1,0,0,8,2.0,3,3,4000,6.1,720,2,13.0,5.0
duoqin f22 pro,1890508,80.0,4,1,0,0,8,2.0,4,4,2150,3.54,640,1,8.0,2.0
samsung galaxy m54 5g,6623211,85.0,5,1,0,0,8,2.84,6,6,6000,6.67,1080,3,64.0,32.0
nokia n73 5g,8894091,80.0,5,1,0,0,8,3.0,12,12,6000,6.9,1400,1,200.0,32.0
motorola edge 30 fusion 5g,7569411,88.0,5,1,1,0,8,2.9,8,8,4400,6.55,1080,3,50.0,32.0
realme c35,2238331,70.0,4,1,0,0,8,1.8,4,4,5000,6.6,1080,3,50.0,8.0
oppo reno 8 pro house of dragon edition,8704851,86.0,5,1,1,0,8,2.85,12,12,4500,6.7,1080,3,50.0,32.0
oneplus nord ce 3 lite 5g,3595371,81.0,5,1,0,0,8,2.2,6,6,5000,6.59,1080,3,50.0,16.0
poco x4 pro 5g,3406131,84.0,5,1,0,1,8,2.2,8,8,5000,6.67,1080,3,64.0,16.0
samsung galaxy m04,1608351,66.0,4,1,0,0,8,2.3,4,4,5000,6.5,720,2,13.0,5.0
oppo a77s,3406131,76.0,4,1,0,0,8,2.4,8,8,5000,6.56,720,2,50.0,8.0
samsung galaxy a13,2734518,75.0,4,1,0,0,8,2.0,4,4,5000,6.6,1080,1,50.0,8.0
motorola edge 30 ultra,10408011,80.0,5,1,1,0,8,3.2,8,8,4610,6.67,1080,3,200.0,60.0
xiaomi 13 ultra 5g,13625091,80.0,5,1,1,1,8,3.2,12,12,5000,6.6,1440,1,108.0,32.0
motorola moto g52,2459931,79.0,4,1,1,0,8,2.4,6,6,5000,6.6,2460,3,50.0,16.0
poco m4 5g,2176071,75.0,5,1,0,1,8,2.2,4,4,5000,6.58,1080,2,50.0,8.0
nothing phone 1,6812451,87.0,5,1,1,0,8,2.5,12,12,4500,6.55,1080,2,50.0,16.0
tecno pova 4,2270691,73.0,4,1,0,0,8,2.2,8,8,6000,6.82,720,1,50.0,8.0
xiaomi redmi note 12 pro,5297585,82.0,5,1,0,1,8,2.6,8,8,5000,6.67,1080,3,50.0,16.0
vivo v25 pro,7569411,86.0,5,1,0,0,8,3.0,12,12,4830,6.56,1080,3,64.0,32.0
realme 9 5g,2933031,79.0,5,1,0,0,8,2.4,6,6,5000,6.5,1080,3,48.0,16.0
realme 9 pro 5g,3595371,80.0,5,1,0,0,8,2.2,6,6,5000,6.6,1080,3,64.0,16.0
lava blaze 5g,2081451,73.0,5,1,0,0,8,2.2,4,4,5000,6.5,1600,2,50.0,8.0
honor x9a,5298531,81.0,5,1,1,1,8,2.2,8,8,5100,6.67,1080,3,64.0,16.0
tecno pova 3,1892211,74.0,4,1,0,0,8,2.0,4,4,7000,6.95,1080,3,50.0,8.0
vivo v23 pro 5g,6054545,85.0,5,1,0,0,8,3.0,8,8,4300,6.56,1080,4,108.0,50.0
samsung galaxy a04e,1759743,65.0,4,1,0,0,8,2.3,3,3,5000,6.5,720,2,13.0,5.0
xiaomi redmi k60,5675308,84.0,5,1,1,1,8,3.2,8,8,5500,6.67,1440,3,64.0,16.0
realme 9 pro plus 5g,4901316,78.0,5,1,0,0,8,2.5,6,6,4500,6.4,1080,3,50.0,16.0
realme 9i 5g,3216891,78.0,5,1,0,0,8,2.4,6,6,5000,6.6,1080,3,50.0,8.0
motorola edge 30 5g,4730811,85.0,5,1,1,0,8,2.5,8,8,4020,6.5,1080,3,50.0,32.0
xiaomi redmi note 11,2306457,79.0,4,1,0,1,8,2.4,6,6,5000,6.43,1080,1,50.0,13.0
poco c31,1419111,68.0,4,1,0,0,8,2.3,4,4,5000,6.53,720,3,13.0,5.0
realme narzo 50 5g,3406131,79.0,5,1,0,0,8,2.4,6,6,5000,6.6,1080,3,48.0,16.0
realme gt neo 3t,4730811,79.0,5,1,0,0,8,3.2,6,6,5000,6.62,1080,3,64.0,16.0
oppo reno 8 pro 5g,8704851,86.0,5,1,1,0,8,2.85,12,12,4500,6.7,1080,3,50.0,32.0
oneplus 10 pro 5g,12395031,80.0,5,1,1,0,8,3.0,12,12,5000,6.7,1440,3,50.0,32.0
iqoo 11 pro 5g,11163268,89.0,5,1,1,1,8,3.2,8,8,4700,6.78,1440,3,50.0,16.0
vivo t1x 4g,2270691,74.0,4,1,0,0,8,2.4,4,4,5000,6.58,1080,2,50.0,8.0
xiaomi redmi 10 power,2270691,77.0,4,1,0,1,8,2.4,8,8,6000,6.7,720,2,50.0,5.0
oppo a58,3593668,76.0,5,1,0,0,8,2.2,6,6,5000,6.56,720,2,50.0,8.0
vivo t1,2743791,77.0,4,1,0,0,8,2.4,4,4,5000,6.44,1080,3,50.0,16.0
xiaomi mix fold 2 5g,20246788,80.0,5,1,1,1,8,3.2,12,12,4500,8.02,1914,3,50.0,20.0
vivo y16,1986831,66.0,4,1,0,0,8,2.3,3,3,5000,6.51,720,2,13.0,5.0
oppo reno 8 z,5107588,86.0,5,1,1,0,8,2.2,8,8,4500,6.43,1080,3,64.0,16.0
vivo y75 4g,3782908,82.0,4,1,0,0,8,2.05,8,8,4050,6.44,1080,3,50.0,44.0
xiaomi redmi note 12 explorer,4730811,89.0,5,1,1,1,8,2.6,8,8,4300,6.67,1080,3,200.0,16.0
oppo a57 4g,2643494,69.0,4,1,0,0,8,2.3,4,4,5000,6.56,720,2,13.0,8.0
vivo t1 pro 5g,4730811,84.0,5,1,0,0,8,2.4,8,8,4700,6.44,1080,3,64.0,16.0
xiaomi redmi note 11t 5g,3216891,81.0,5,1,0,1,8,2.4,6,6,5000,6.6,1080,2,50.0,16.0
oppo f21s pro 4g,4144167,82.0,4,1,0,0,8,2.4,8,8,4500,6.43,1080,3,64.0,32.0
apple iphone 14,14382051,82.0,5,1,1,0,6,3.22,6,6,3279,6.1,1170,2,12.0,12.0
motorola moto g73,4920051,85.0,5,1,1,0,8,2.2,8,8,5000,6.5,1080,2,50.0,16.0
nubia red magic 8 pro 5g,8892388,84.0,5,1,1,0,8,3.2,8,8,6000,6.8,1116,3,50.0,16.0
motorola moto g31,1892211,75.0,4,1,0,0,8,2.0,4,4,5000,6.47,1080,3,50.0,13.0
tecno phantom x2 pro,9461811,89.0,5,1,1,0,8,3.05,12,12,5160,6.8,1080,3,50.0,32.0
infinix zero 20,3406131,87.0,4,1,1,0,8,2.2,8,8,4500,6.7,1080,3,108.0,60.0
iqoo z6 5g,3205726,80.0,5,1,0,0,8,2.2,6,6,5000,6.58,1080,3,50.0,16.0
xiaomi redmi note 11 pro 5g,3404428,81.0,5,1,0,1,8,2.2,6,6,5000,6.67,1080,3,108.0,16.0
oppo a1 pro,3972148,84.0,5,1,1,0,8,2.2,8,8,4800,6.7,1080,2,108.0,16.0
samsung galaxy s22 plus 5g,12196329,87.0,5,1,1,0,8,3.0,8,8,4500,6.6,1080,3,50.0,10.0
vivo u3x,1701268,71.0,5,1,0,0,8,2.0,6,6,5000,6.58,1080,2,13.0,8.0
motorola moto g23,3784611,77.0,4,1,1,0,8,2.0,4,4,5000,6.5,720,3,50.0,16.0
poco m4 5g,2554551,79.0,5,1,0,1,8,2.2,6,6,5000,6.58,1080,2,50.0,8.0
tecno pova 5g,2933031,78.0,5,1,0,0,8,2.4,8,8,6000,6.9,1080,2,50.0,16.0
poco c31,1229871,65.0,4,1,0,0,8,2.3,3,3,5000,6.53,720,3,13.0,5.0
samsung galaxy a53,6907071,89.0,5,1,1,0,8,2.4,8,8,5000,6.5,1080,1,64.0,32.0
infinix note 12 5g,3027651,78.0,5,1,0,0,8,2.4,6,6,5000,6.7,1080,2,50.0,16.0
oppo reno7 pro 5g,6054545,87.0,5,1,1,0,8,3.0,12,12,4500,6.55,1080,3,50.0,32.0
oneplus ace 2,6623211,84.0,5,1,1,0,8,3.2,8,8,5000,6.7,1080,3,50.0,16.0
redmi note 11 pro,3595371,81.0,4,1,0,1,8,2.3,6,6,5000,6.67,1080,1,108.0,16.0
nothing phone 2,7567708,88.0,5,1,1,0,8,3.2,8,8,4700,6.67,1080,3,50.0,32.0
samsung galaxy a32,3122271,82.0,4,1,0,0,8,2.0,8,8,5000,6.4,1080,1,64.0,20.0
infinix note 12i,1892211,73.0,4,1,0,0,8,2.0,4,4,5000,6.7,1080,2,50.0,8.0
xiaomi redmi 11 prime 5g,3025948,77.0,5,1,0,1,8,2.2,6,6,5000,6.58,1080,2,50.0,5.0
xiaomi redmi note 11 pro plus 5g,4295748,86.0,5,1,0,1,8,2.2,8,8,5000,6.67,1080,3,108.0,16.0
xiaomi 12 pro 5g,9649348,89.0,5,1,1,1,8,3.0,8,8,4600,6.73,1440,3,50.0,32.0
apple iphone 13 mini,12281676,79.0,5,1,1,0,6,3.22,4,4,2438,5.4,1080,2,12.0,12.0
tecno pova 3,2611323,77.0,4,1,0,0,8,2.0,6,6,7000,6.9,1080,3,50.0,8.0
realme c31,1702971,65.0,4,1,0,0,8,1.82,4,4,5000,6.52,720,3,13.0,5.0
asus rog phone 6 pro 5g,17031411,88.0,5,1,1,0,8,3.2,18,18,6000,6.78,1080,3,50.0,12.0
vivo v23e 5g,4162145,84.0,5,1,0,0,8,2.4,8,8,4050,6.44,1080,3,50.0,44.0
xiaomi redmi note 10t 5g,2459931,75.0,5,1,0,1,8,2.2,4,4,5000,6.5,1080,3,48.0,8.0
iqoo neo 7 se 5g,4729108,83.0,5,1,1,0,8,3.1,8,8,5000,6.78,1080,3,64.0,16.0
samsung galaxy a23,3782908,82.0,4,1,0,0,8,2.4,8,8,5000,6.6,1080,1,50.0,8.0
xiaomi redmi note 12 pro,5109291,82.0,5,1,0,1,8,2.6,8,8,5000,6.67,1080,3,50.0,16.0
xiaomi redmi note 12 turbo,3784611,81.0,5,1,1,1,8,2.4,8,8,5000,6.67,1080,3,50.0,16.0
infinix note 12 pro,3198156,83.0,4,1,0,0,8,2.2,8,8,5000,6.7,1080,2,108.0,16.0
infinix hot 20,3784611,78.0,5,1,0,0,8,2.4,6,6,5000,6.6,1080,1,50.0,8.0
samsung galaxy m13,2459931,75.0,4,1,0,0,8,2.0,6,6,6000,6.6,1080,3,50.0,8.0
poco m4 pro 5g,3027651,82.0,5,1,0,1,8,2.4,8,8,5000,6.6,1080,2,50.0,16.0
xiaomi redmi note 10s,2649171,82.0,4,1,0,1,8,2.05,8,8,5000,6.43,1080,1,64.0,13.0
realme c11 2021,1466421,61.0,4,1,0,0,8,1.6,4,4,5000,6.52,720,1,8.0,5.0
samsung galaxy a23 5g,4730811,81.0,5,1,0,0,8,2.2,8,8,5000,6.6,1080,1,50.0,8.0
motorola edge 30 ultra,11354211,80.0,5,1,1,0,8,3.2,12,12,4610,6.67,1080,3,200.0,60.0
oppo f21s pro,4900370,82.0,5,1,0,0,8,2.2,8,8,4500,6.43,1080,3,64.0,16.0
xiaomi 13 5g,8892388,89.0,5,1,1,1,8,3.2,8,8,4500,6.36,1080,3,50.0,32.0
xiaomi redmi 10a,1419111,64.0,4,1,0,0,8,2.0,3,3,5000,6.53,720,1,13.0,5.0
vivo y01a,1474180,60.0,4,1,0,0,8,2.3,2,2,5000,6.51,720,1,8.0,5.0
xiaomi redmi k50i,4920051,85.0,5,1,0,1,8,2.85,8,8,5080,6.6,1080,3,64.0,16.0
realme c30,1192023,60.0,4,1,0,0,8,1.82,3,3,5000,6.5,720,1,8.0,5.0
motorola moto g51 5g,2459931,77.0,5,1,1,0,8,2.2,4,4,5000,6.8,1080,3,50.0,13.0
xiaomi redmi 10,2270691,75.0,4,1,0,0,8,2.4,6,6,6000,6.7,720,2,50.0,5.0
xiaomi mi 11 lite ne 5g,4142464,83.0,5,1,1,1,8,2.4,6,6,4250,6.55,1080,3,64.0,20.0
oneplus 10t,10597251,87.0,5,1,1,0,8,3.2,16,16,4800,6.7,1080,3,50.0,16.0
samsung galaxy a13,2838411,75.0,4,1,0,0,8,2.0,4,4,5000,6.6,1080,1,50.0,8.0
oppo reno7 5g,4919105,85.0,5,1,1,0,8,2.0,8,8,4500,6.43,1080,3,64.0,32.0
oneplus 9rt 5g,8137131,85.0,5,1,1,0,8,2.84,8,8,4500,6.62,1080,3,50.0,16.0
samsung galaxy a53 5g,6339351,89.0,5,1,1,0,8,2.4,8,8,5000,6.5,1080,1,64.0,32.0
samsung galaxy s22 ultra 5g,22519371,80.0,5,1,1,0,8,3.0,12,12,5000,6.8,1440,1,108.0,40.0
motorola moto g71 5g,3216891,80.0,5,1,1,0,8,2.2,6,6,5000,6.4,1080,3,50.0,16.0
itel s16 pro,1322788,80.0,4,1,0,0,4,1.3,2,2,4000,6.6,1600,3,8.0,8.0
vivo y100,5675308,82.0,5,1,0,0,8,2.4,8,8,5000,6.0,1080,4,50.0,50.0
samsung galaxy m13 5g,2449523,71.0,5,1,0,0,8,2.2,4,4,5000,6.5,720,2,50.0,5.0
poco x5 gt,5675308,84.0,5,1,1,1,8,3.2,8,8,5000,6.7,1080,3,64.0,32.0
honor x9 5g,3216891,80.0,5,1,1,0,8,2.2,8,8,4800,6.81,1080,3,48.0,16.0
iqoo 11,12300411,89.0,5,1,1,0,8,3.2,16,16,5000,6.78,1440,3,50.0,16.0
samsung galaxy z fold 4,29331822,80.0,5,1,1,0,8,3.2,12,12,4400,7.6,1812,4,50.0,10.0
royole flexpai 2,20816211,87.0,5,1,0,0,8,2.84,8,8,4450,7.8,1440,3,64.0,32.0
apple iphone 14 plus,16085211,83.0,5,1,1,0,6,3.22,6,6,4325,6.7,1284,2,12.0,12.0
samsung galaxy a33 5g,5203911,85.0,5,1,1,0,8,2.4,8,8,5000,6.4,1080,1,48.0,13.0
tecno spark 9,1702971,69.0,4,1,0,0,8,2.3,6,6,5000,6.6,720,1,13.0,8.0
google pixel 6,7660435,84.0,5,1,1,0,8,2.8,8,8,4614,6.4,1080,2,50.0,8.0
xiaomi redmi note 10 pro,3406131,81.0,4,1,0,1,8,2.3,6,6,5020,6.67,1080,1,64.0,16.0
samsung galaxy s21 ultra,20059251,80.0,5,1,1,0,8,2.9,12,12,5000,6.8,1440,1,108.0,40.0
infinix hot 20 play,1702971,67.0,4,1,0,0,8,2.3,4,4,6000,6.82,720,1,13.0,8.0
vivo t1x,2838411,77.0,4,1,0,0,8,2.4,6,6,5000,6.58,1080,2,50.0,8.0
oppo f23 pro,3782908,82.0,5,1,0,0,8,2.2,8,8,4500,6.5,1080,3,64.0,32.0
iqoo z6 pro 5g,4428027,80.0,5,1,0,0,8,2.4,8,8,4700,6.44,1080,3,64.0,16.0
samsung galaxy a73 5g,7946188,80.0,5,1,1,0,8,2.4,8,8,5000,6.7,1080,1,108.0,32.0
realme 9 5g se,4352142,82.0,5,1,0,0,8,2.4,8,8,5000,6.6,1080,3,48.0,16.0
poco f4 5g,4920051,82.0,5,1,1,0,8,3.2,6,6,4500,6.67,1080,3,64.0,20.0
infinix note 12,2214108,74.0,4,1,0,0,8,2.0,4,4,5000,6.7,2400,2,50.0,16.0
samsung galaxy a03 core,1229871,80.0,4,1,0,0,4,1.6,2,2,5000,6.5,720,1,8.0,5.0
motorola moto g60,3027651,84.0,4,1,1,0,8,2.3,6,6,6000,6.78,1080,3,108.0,32.0
oneplus 9 pro,12262752,89.0,5,1,1,0,8,2.84,8,8,4500,6.7,1440,1,48.0,16.0
xiaomi redmi note 11s,2761012,80.0,4,1,0,1,8,2.05,6,6,5000,6.43,1080,1,108.0,16.0
xiaomi redmi 9 activ,1419111,68.0,4,1,0,0,8,2.3,4,4,5000,6.53,720,2,13.0,5.0
tecno camon 19 pro 5g,4163091,82.0,5,1,1,0,8,2.4,8,8,5000,6.8,1080,3,64.0,16.0
samsung galaxy a04,2270691,71.0,4,1,0,0,8,2.3,4,4,5000,6.5,720,2,50.0,5.0
poco m4 pro 4g,2459931,79.0,4,1,0,1,8,2.05,6,6,5000,6.43,1080,3,64.0,16.0
oneplus nord n20 5g,3972148,81.0,5,1,1,0,8,2.2,6,6,4500,6.43,1080,3,64.0,16.0
apple iphone 13,13814331,79.0,5,1,1,0,6,3.22,4,4,3240,6.1,1170,2,12.0,12.0
oppo find x6 pro,14758828,80.0,5,1,1,0,8,3.2,12,12,4700,6.78,1080,3,50.0,32.0
vivo x90 pro 5g,10786491,80.0,5,1,1,1,8,3.05,8,8,4870,6.78,1260,3,50.0,32.0
motorola moto g53,4163091,79.0,5,1,1,0,8,2.2,4,4,5000,6.5,720,2,50.0,16.0
motorola moto g22,1797591,75.0,4,1,0,0,8,2.3,4,4,5000,6.53,720,1,50.0,16.0
xiaomi redmi 9i sport,1419111,66.0,4,1,0,0,8,2.0,4,4,5000,6.53,720,1,13.0,5.0
jio jiophone next,879777,80.0,4,1,0,0,4,1.3,2,2,3500,5.45,720,1,13.0,8.0
vivo y93,3406320,62.0,4,1,0,0,8,2.0,4,4,4030,6.2,1520,2,13.0,8.0
xiaomi redmi k60 pro,7380171,85.0,5,1,1,1,8,3.2,8,8,5000,6.67,1440,3,54.0,16.0
realme c30s,1352120,80.0,4,1,0,0,8,1.6,2,2,5000,6.5,720,1,8.0,5.0
vivo y22s,2836708,77.0,4,1,0,0,8,2.4,8,8,5000,6.55,1612,2,50.0,8.0
oppo a77,2933031,70.0,4,1,0,0,8,2.3,4,4,5000,6.56,720,1,50.0,8.0
xiaomi redmi 10a sport,1892211,69.0,4,1,0,1,8,2.0,6,6,5000,6.53,720,1,13.0,5.0
poco f4,5677011,86.0,5,1,1,0,8,3.2,12,12,4500,6.67,1080,3,64.0,20.0
realme 9 4g,3027651,84.0,4,1,0,0,8,2.4,8,8,5000,6.4,1080,3,108.0,16.0
xiaomi 12t pro 5g,11352508,89.0,5,1,1,1,8,3.2,8,8,5000,6.67,1220,3,200.0,20.0
iqoo 9 5g,6621508,84.0,5,1,0,0,8,2.9,8,8,4350,6.56,1080,3,48.0,16.0
oneplus 10t,9651051,87.0,5,1,1,0,8,3.2,12,12,4800,6.7,1080,3,50.0,16.0
tecno spark 9,1513731,65.0,4,1,0,0,8,2.3,4,4,5000,6.6,720,1,13.0,8.0
samsung galaxy s21 fe 5g,8326371,88.0,5,1,1,0,8,2.9,8,8,4500,6.4,1080,3,12.0,32.0
xiaomi redmi note 11t 5g,3500751,83.0,5,1,0,1,8,2.4,8,8,5000,6.6,1080,2,50.0,16.0
sony xperia pro-i,25547211,80.0,5,1,1,0,8,2.84,12,12,4500,6.5,1644,3,12.0,8.0
vivo v21 pro,6244731,85.0,5,1,0,0,8,2.4,8,8,4300,6.44,1080,2,64.0,44.0
poco x3,2554551,80.0,4,1,0,1,8,2.3,6,6,6000,6.67,1080,1,64.0,20.0
samsung galaxy s20 fe,6715938,86.0,4,1,1,0,8,2.73,8,8,4500,6.5,1080,3,12.0,32.0
google pixel 4,3807509,78.0,4,1,1,0,8,2.8,6,6,2800,5.7,1080,2,16.0,8.0
samsung galaxy s10 plus,8137131,81.0,4,1,1,0,8,2.7,8,8,4100,6.4,1440,4,16.0,10.0
realme 11 pro plus,4730811,78.0,5,1,0,0,8,2.2,6,6,4200,6.4,1080,3,50.0,16.0
oppo f21 pro 4g,3973851,82.0,4,1,0,0,8,2.4,8,8,4500,6.5,1080,3,64.0,32.0
realme gt 2 5g,5486825,84.0,5,1,1,0,8,2.84,8,8,5000,6.62,1080,3,50.0,16.0
samsung galaxy s21,9253836,88.0,5,1,1,0,8,2.9,8,8,4000,6.2,1080,3,64.0,10.0
samsung galaxy a71,4256765,86.0,4,1,0,0,8,2.2,8,8,4500,6.7,1080,1,64.0,32.0
vivo y02s,1701268,61.0,4,1,0,0,8,2.3,3,3,5000,6.51,720,1,8.0,5.0
tecno spark 8c,1682344,63.0,4,1,0,0,8,2.0,4,4,5000,6.6,720,1,13.0,8.0
iqoo z6 5g,3500562,82.0,5,1,0,0,8,2.2,8,8,5000,6.58,1080,3,50.0,16.0
vivo t1 pro,4541571,81.0,5,1,0,0,8,2.4,6,6,4700,6.44,1080,3,64.0,16.0
realme 9 pro plus 5g,4351385,81.0,5,1,0,0,8,2.5,8,8,4500,6.4,1080,3,50.0,16.0
samsung galaxy a04s,2458228,71.0,4,1,0,0,8,2.0,4,4,5000,6.5,720,3,50.0,5.0
realme 9i,2838411,78.0,4,1,0,0,8,2.4,6,6,5000,6.6,1080,3,50.0,16.0
realme 8 5g,3500751,80.0,5,1,0,0,8,2.2,8,8,5000,6.5,1080,3,48.0,16.0
oppo f19,2836708,78.0,4,1,0,0,8,2.0,6,6,5000,6.4,1080,3,48.0,16.0
samsung galaxy m32 prime edition,2293589,75.0,4,1,0,0,8,2.0,4,4,6000,6.4,1080,1,64.0,20.0
oukitel wp19,5675308,84.0,4,1,1,0,8,2.0,8,8,21000,6.78,1080,3,64.0,16.0
realme 9 pro 5g,3973851,82.0,5,1,0,0,8,2.2,8,8,5000,6.6,1080,3,64.0,16.0
xiaomi redmi note 10 lite,2270691,80.0,4,1,0,1,8,2.3,6,6,5020,6.67,1080,1,48.0,16.0
samsung galaxy a13 5g,3404428,73.0,5,1,1,0,8,2.2,4,4,5000,6.5,720,3,50.0,5.0
xiaomi redmi note 11 5g,2836708,77.0,5,1,0,1,8,2.4,4,4,5000,6.6,1080,2,50.0,16.0
itel p36,1228168,80.0,4,1,0,0,4,1.3,1,1,5000,6.5,1600,2,8.0,8.0
realme gt neo 5,6623211,83.0,5,1,1,0,8,3.2,8,8,4600,6.7,1080,3,50.0,16.0
poco c50,1229871,80.0,4,1,0,0,4,2.0,2,2,5000,6.52,720,1,8.0,5.0
samsung galaxy note 30 ultra 5g,19870011,80.0,5,1,1,0,8,3.2,12,12,4500,6.71,1440,3,200.0,10.0
realme 9i,2649171,75.0,4,1,0,0,8,2.4,4,4,5000,6.6,1080,3,50.0,16.0
xiaomi redmi note 11t 5g,3216891,79.0,5,1,0,1,8,2.4,6,6,5000,6.6,1080,2,50.0,16.0
vivo x80 pro 5g,15139011,80.0,5,1,1,0,8,3.0,12,12,4700,6.78,1440,1,50.0,32.0
oppo reno 6 pro 5g,6956462,87.0,5,1,1,0,8,3.0,12,12,4500,6.55,1080,1,64.0,32.0
xiaomi mi 11i 5g,4446951,81.0,5,1,0,1,8,2.5,6,6,5160,6.67,2400,3,108.0,16.0
asus rog phone 7,14380348,87.0,5,1,1,0,8,3.2,18,18,6000,6.8,1080,3,64.0,32.0
oppo a77 5g,4161388,76.0,5,1,0,0,8,2.4,6,6,5000,6.56,720,2,48.0,8.0
realme 9 5g se,3595371,80.0,5,1,0,0,8,2.4,6,6,5000,6.6,1080,3,48.0,16.0
samsung galaxy a03,1371801,66.0,4,1,0,0,8,1.6,3,3,5000,6.5,720,2,48.0,5.0
oneplus nord n200,3215188,75.0,5,1,1,0,8,2.0,4,4,5000,6.49,1080,3,13.0,16.0
xiaomi mi 11x,4520944,80.0,5,1,0,1,8,3.2,6,6,4520,6.67,1080,3,48.0,20.0
oppo reno 6,4992151,83.0,5,1,1,0,8,2.0,8,8,4300,6.43,1080,3,64.0,32.0
realme x50 pro 5g,5298531,87.0,5,1,1,0,8,2.84,12,12,4200,6.44,1080,2,64.0,32.0
xiaomi redmi 10a,2053254,70.0,4,1,0,0,8,2.0,6,6,5000,6.53,720,1,13.0,5.0
redmi note 12 pro speed edition,3784611,81.0,5,1,1,1,8,2.4,6,6,5000,6.67,1080,3,108.0,16.0
motorola moto g72,3782908,81.0,5,1,1,0,8,2.2,6,6,5000,6.5,1080,3,108.0,16.0
motorola moto x30 pro,7946188,80.0,5,1,1,0,8,3.2,8,8,4450,6.67,1080,3,200.0,60.0
xiaomi 12s ultra,13244908,80.0,5,1,1,1,8,3.2,8,8,4860,6.73,1440,3,50.0,32.0
honor 70 5g,7567708,88.0,5,1,1,0,8,2.5,12,12,4800,6.67,1080,3,54.0,32.0
oneplus 10 pro 5g,14192811,80.0,5,1,1,0,8,3.0,12,12,5000,6.7,1440,3,50.0,32.0
vivo v23 pro 5g,7000745,87.0,5,1,0,0,8,3.0,12,12,4300,6.56,1080,4,108.0,50.0
oppo a55 4g,2781828,76.0,4,1,0,0,8,2.3,6,6,5000,6.51,720,3,50.0,16.0
xiaomi mi 11t pro 5g,6621508,86.0,5,1,1,1,8,2.84,8,8,5000,6.67,1080,3,108.0,16.0
xiaomi redmi note 10,2647468,75.0,4,1,0,1,8,2.2,4,4,5000,6.43,1080,1,48.0,13.0
samsung galaxy m32 prime edition,2811917,79.0,4,1,0,0,8,2.0,6,6,6000,6.4,1080,1,64.0,20.0
tecno camon 19 pro mondrian edition,3406131,84.0,4,1,1,0,8,2.05,8,8,5000,6.8,1080,3,64.0,32.0
poco f5,6621508,85.0,5,1,1,0,8,3.2,8,8,4700,6.7,1080,3,64.0,32.0
blu f91 5g,2836708,85.0,5,1,1,0,8,2.4,8,8,5000,6.8,1080,1,48.0,16.0
oppo a16e,1702971,65.0,4,1,0,0,8,2.0,3,3,4230,6.52,720,1,13.0,5.0
motorola moto e32,1702971,71.0,4,1,0,0,8,2.3,4,4,5000,6.5,720,2,50.0,8.0
xiaomi redmi note 11s,2994534,84.0,4,1,0,1,8,2.05,8,8,5000,6.43,1080,1,108.0,16.0
samsung galaxy a52,4256765,86.0,4,1,0,0,8,2.3,8,8,4500,6.5,1080,1,64.0,32.0
poco x3 pro,3718566,82.0,4,1,0,1,8,2.96,6,6,5160,6.67,1080,1,48.0,20.0
xiaomi redmi 9a,1324491,61.0,4,1,0,0,8,2.0,2,2,5000,6.53,720,1,13.0,5.0
samsung galaxy a32,3122271,80.0,4,1,0,0,8,2.0,6,6,5000,6.4,1080,1,64.0,20.0
motorola moto g13,3027651,75.0,4,1,1,0,8,2.0,4,4,5000,6.5,720,3,50.0,8.0
asus rog phone 6 batman edition,13814331,88.0,5,1,1,0,8,3.2,16,16,6000,6.78,1080,3,50.0,12.0
xiaomi redmi note 12 pro plus,5109291,84.0,5,1,0,1,8,2.6,6,6,4980,6.67,1080,3,200.0,16.0
infinix smart 6 hd,1324491,80.0,4,1,0,0,4,2.0,2,2,5000,6.6,720,1,8.0,5.0
realme c35,2419812,71.0,4,1,0,0,8,1.8,4,4,5000,6.6,1080,3,50.0,8.0
infinix hot 12,1892211,72.0,4,1,0,0,8,2.3,4,4,6000,6.82,720,2,50.0,8.0
vivo x80 5g,10408011,86.0,5,1,0,0,8,3.05,8,8,4500,6.78,1080,3,50.0,32.0
vivo y53s,2931328,79.0,4,1,0,0,8,2.0,8,8,5000,6.58,1080,3,64.0,16.0
tecno phantom x,4920051,84.0,4,1,0,0,8,2.05,8,8,4700,6.7,1080,4,50.0,48.0
samsung galaxy m04,1797591,68.0,4,1,0,0,8,2.3,4,4,5000,6.5,720,2,13.0,5.0
redmi 12c,1513731,70.0,4,1,0,0,8,2.0,4,4,5000,6.71,720,1,50.0,5.0
asus zenfone 9,12109468,86.0,5,1,1,0,8,3.2,8,8,4300,5.9,1080,2,50.0,12.0
sony xperia l5 5g,3025948,73.0,4,1,1,0,8,2.3,4,4,4000,6.2,720,3,13.0,8.0
iqoo 9 se 5g,6613749,85.0,5,1,1,0,8,2.84,12,12,4500,6.62,1080,3,48.0,16.0
tecno spark 8 pro,1665123,72.0,4,1,0,0,8,2.0,4,4,5000,6.8,1080,1,48.0,8.0
xiaomi redmi 10 prime,2344684,74.0,4,1,0,1,8,2.0,4,4,6000,6.5,1080,1,50.0,8.0
samsung galaxy f22,2176071,73.0,4,1,0,0,8,2.0,4,4,6000,6.4,720,1,48.0,13.0
oppo reno 10 pro,8135428,86.0,5,1,1,0,8,3.05,16,16,5000,6.73,1080,2,50.0,32.0
nubia z50,6623211,82.0,5,1,1,0,8,3.2,8,8,5000,6.67,1080,2,64.0,16.0
samsung galaxy f13,2270691,75.0,4,1,1,0,8,2.0,4,4,6000,6.6,2408,3,50.0,8.0
nokia g11 plus,1986831,70.0,4,1,0,0,8,1.6,4,4,5000,6.52,720,2,50.0,8.0
infinix hot 12 play,1686128,66.0,4,1,0,0,8,1.82,4,4,6000,6.82,1640,1,13.0,8.0
vivo t2 5g,4729108,85.0,5,1,0,0,8,3.2,8,8,4700,6.62,1080,3,64.0,16.0
oppo reno7 z 5g,3406131,84.0,5,1,1,0,8,2.2,8,8,4500,6.43,1080,3,64.0,16.0
xiaomi redmi 11 lite ne 5g,4352331,86.0,5,1,1,1,8,2.4,8,8,4250,6.55,1080,3,64.0,20.0
realme narzo 50i,1228168,80.0,4,1,0,0,8,1.6,2,2,5000,6.5,720,1,8.0,5.0
infinix zero x pro,4161388,85.0,5,1,0,0,8,2.05,8,8,4500,6.67,1080,3,108.0,16.0
samsung galaxy m32,2339763,76.0,4,1,0,0,8,2.0,4,4,6000,6.4,1080,1,64.0,20.0
samsung galaxy a82 5g,7567708,86.0,5,1,1,0,8,2.96,6,6,4500,6.71,1440,3,64.0,10.0
xiaomi poco f1,2270691,77.0,4,1,0,0,8,2.8,6,6,4000,6.18,1080,2,12.0,20.0
vivo y25,1419111,80.0,4,0,0,0,4,1.3,1,1,1900,4.5,480,1,5.0,2.0
motorola moto e13,1986831,65.0,4,1,0,0,8,2.0,2,2,5000,6.5,720,1,13.0,5.0
tecno pop 6 pro,1192023,80.0,4,1,0,0,4,2.0,2,2,5000,6.56,720,1,8.0,5.0
vivo x fold plus,21571468,80.0,5,1,1,0,8,3.2,12,12,4730,8.03,1916,2,50.0,16.0
huawei mate 50 rs porsche design,45417411,81.0,4,1,1,1,8,3.2,12,12,4700,6.74,1212,3,50.0,13.0
samsung galaxy f63,4163091,84.0,5,1,1,0,8,2.0,6,6,7000,6.7,1080,1,64.0,32.0
iqoo z6 4g,3027651,80.0,4,1,0,0,8,2.4,6,6,5000,6.44,1080,3,50.0,16.0
sony xperia 5 ii,13244908,86.0,5,1,1,0,8,2.84,8,8,4000,6.1,1080,3,12.0,8.0
vivo y3,2458228,71.0,4,1,0,0,8,2.3,4,4,5000,6.35,720,3,13.0,16.0
sony xperia 1 iv,17595535,80.0,5,1,1,0,8,3.0,12,12,5000,6.5,1644,1,12.0,12.0
tecno pova 4 pro,3027651,74.0,4,1,0,0,8,2.2,8,8,6000,6.66,720,1,50.0,8.0
huawei nova 10 se,4541571,84.0,4,1,1,0,8,2.4,8,8,4500,6.67,1080,3,108.0,16.0
vivo t1x,2459931,75.0,4,1,0,0,8,2.4,4,4,5000,6.58,1080,2,50.0,8.0
nubia red magic 7s pro,11541748,86.0,5,1,1,0,8,3.2,12,12,5000,6.8,1080,3,64.0,8.0
motorola moto e32s,1676477,67.0,4,1,0,0,8,1.8,4,4,5000,6.5,720,3,16.0,8.0
iqoo neo 6 5g,6386661,84.0,5,1,0,1,8,3.2,12,12,4700,6.62,1080,3,64.0,16.0
poco x4 gt 5g,4729108,84.0,5,1,1,1,8,2.85,8,8,5080,6.6,1080,3,64.0,16.0
realme narzo 50 5g,2838411,76.0,5,1,0,0,8,2.4,4,4,5000,6.6,1080,3,48.0,16.0
vivo y77 5g,3404428,76.0,5,1,0,0,8,2.2,6,6,4500,6.64,1080,2,50.0,8.0
honor 60 se 5g,4729108,75.0,5,1,0,0,8,2.0,8,8,4300,6.67,1080,3,64.0,16.0
xiaomi redmi 11 prime,2195184,74.0,4,1,0,1,8,2.2,4,4,5000,6.58,1080,3,50.0,8.0
realme c31,1570503,62.0,4,1,0,0,8,1.82,3,3,5000,6.52,720,3,13.0,5.0
motorola moto g31,2270691,78.0,4,1,0,0,8,2.0,6,6,5000,6.47,1080,3,50.0,13.0
oneplus 6,5298531,77.0,4,1,1,0,8,2.8,8,8,3300,6.28,1080,2,20.0,16.0
google pixel 2 xl,3025948,69.0,4,1,1,0,8,2.35,4,4,3520,6.0,1440,1,2.0,8.0
xiaomi redmi a1 plus,1379370,60.0,4,1,0,0,4,2.0,2,2,5000,6.52,720,2,8.0,5.0
honor 70 5g,5864548,86.0,5,1,1,0,8,2.5,8,8,4800,6.67,1080,3,54.0,32.0
realme narzo 50,2933031,77.0,4,1,0,0,8,2.0,6,6,5000,6.6,1080,3,50.0,16.0
vivo y15s,1608351,66.0,4,1,0,0,8,2.3,3,3,5000,6.51,720,2,13.0,8.0
samsung galaxy m32,2742088,80.0,4,1,0,0,8,2.0,6,6,6000,6.4,1080,1,64.0,20.0
samsung galaxy f42 5g,2931328,80.0,5,1,0,0,8,2.2,6,6,5000,6.6,1080,3,64.0,8.0
realme q5 5g,2836708,78.0,5,1,0,0,8,2.2,6,6,5000,6.6,1080,3,50.0,16.0
poco m3 pro 5g,3027651,75.0,5,1,0,1,8,2.2,4,4,5000,6.5,1080,3,48.0,8.0
google pixel 5,6812640,82.0,5,1,1,0,8,2.4,8,8,4080,6.0,1080,2,16.0,8.0
oneplus 12 pro,13246611,80.0,5,1,1,0,8,3.2,12,12,4800,6.73,1440,3,108.0,32.0
xiaomi redmi note 12 discovery edition,5107588,86.0,5,1,1,1,8,2.6,8,8,4300,6.67,1080,3,200.0,16.0
samsung galaxy m13,2011621,71.0,4,1,0,0,8,2.0,4,4,6000,6.6,1080,3,50.0,8.0
oppo reno 8 pro,8135428,85.0,5,1,1,0,8,2.85,8,8,4500,6.7,1080,3,50.0,32.0
vivo y78 5g,4729108,77.0,5,1,0,0,8,3.0,8,8,4500,6.58,1080,3,50.0,16.0
iqoo z6 4g,2741898,77.0,4,1,0,0,8,2.4,4,4,5000,6.44,1080,3,50.0,16.0
oppo a76,3120568,73.0,4,1,0,0,8,2.4,6,6,5000,6.56,720,2,13.0,8.0
realme 9 pro plus 5g,4635245,82.0,5,1,0,0,8,2.5,8,8,4500,6.4,1080,3,50.0,16.0
vivo y01,1513731,61.0,4,1,0,0,8,2.3,2,2,5000,6.51,720,1,8.0,5.0
motorola moto edge s30 5g,4539868,85.0,5,1,0,0,8,2.9,6,6,5000,6.8,1080,3,108.0,16.0
realme gt 2 pro 5g,9454241,89.0,5,1,1,0,8,3.0,8,8,5000,6.7,1440,3,50.0,32.0
apple iphone 13 pro,24582276,83.0,5,1,1,0,6,3.22,6,6,3095,6.1,1170,3,12.0,12.0
vivo y73 2021,3782908,80.0,4,1,0,0,8,2.05,8,8,4000,6.44,1080,3,64.0,16.0
vivo v20,4403426,85.0,4,1,0,0,8,2.3,8,8,4000,6.44,1080,3,64.0,44.0
xiaomi redmi note 9 pro,2649171,75.0,4,1,0,1,8,2.3,4,4,5020,6.67,1080,1,48.0,16.0
oneplus 10r prime edition,6697014,85.0,5,1,1,0,8,2.85,8,8,5000,6.7,1080,3,50.0,16.0
nokia c31,1797591,62.0,4,1,0,0,8,1.6,3,3,5050,6.74,720,3,13.0,5.0
infinix hot 12 pro,2335222,76.0,4,1,0,0,8,2.0,8,8,5000,6.6,720,1,50.0,8.0
poco m5,2043603,74.0,4,1,0,1,8,2.2,4,4,5000,6.58,1080,3,50.0,8.0
xiaomi redmi 10c,2836708,73.0,4,1,0,0,8,2.4,4,4,6000,6.7,720,2,50.0,5.0
zte axon 40 ultra 5g,11730988,89.0,5,1,1,0,8,3.0,8,8,5000,6.8,1116,3,64.0,16.0
xiaomi 12 pro 5g,9817771,80.0,5,1,1,1,8,3.0,12,12,4600,6.73,1440,3,50.0,32.0
oppo k10,3215188,80.0,4,1,0,0,8,2.4,8,8,5000,6.59,1080,3,50.0,16.0
huawei nova 9 se,3782908,84.0,4,1,1,0,8,2.4,8,8,4000,6.78,1080,1,108.0,16.0
samsung galaxy s22 5g,10975731,87.0,5,1,1,0,8,3.0,8,8,3700,6.1,1080,3,50.0,10.0
lenovo legion y90,8892388,87.0,5,1,1,0,8,3.0,12,12,5600,6.92,1080,2,64.0,16.0
vivo y55 5g,3972148,77.0,5,1,1,0,8,2.2,4,4,5000,6.58,1080,3,50.0,8.0
nokia x100 5g,3404428,82.0,5,1,1,0,8,2.0,6,6,4470,6.67,1080,1,48.0,16.0
realme 8s 5g,3311511,82.0,5,1,0,0,8,2.4,8,8,5000,6.5,1080,3,64.0,16.0
realme 8s 5g,3406131,80.0,5,1,0,0,8,2.4,6,6,5000,6.5,1080,3,64.0,16.0
nokia x60 pro 5g,9460108,80.0,5,1,0,0,8,3.2,8,8,6000,6.51,1080,1,200.0,32.0
poco x5,2838411,74.0,5,1,0,1,8,2.2,4,4,5000,6.67,1080,3,48.0,8.0
xiaomi redmi note 10 pro max,3781015,82.0,4,1,0,1,8,2.3,6,6,5020,6.67,1080,1,108.0,16.0
iqoo 7,6810748,85.0,5,1,1,0,8,3.2,12,12,4400,6.62,1080,3,48.0,16.0
realme 8,3027651,78.0,4,1,0,0,8,2.0,4,4,5000,6.4,1080,1,64.0,16.0
samsung galaxy s20,7947891,88.0,4,1,1,0,8,2.73,8,8,4000,6.2,1440,3,64.0,10.0
xiaomi redmi k60e,4920051,83.0,5,1,1,1,8,3.1,8,8,5500,6.67,1440,3,48.0,20.0
motorola moto e32s,1512028,65.0,4,1,0,0,8,1.8,3,3,5000,6.5,720,3,16.0,8.0
oneplus nord 3t 5g,5675308,84.0,5,1,1,0,8,3.0,8,8,4500,6.43,1080,3,50.0,32.0
oppo f23 pro plus 5g,5296828,83.0,5,1,0,0,8,2.36,8,8,4500,6.43,1080,1,50.0,16.0
poco f5 pro,5677011,84.0,5,1,1,1,8,3.2,8,8,5500,6.67,1440,3,64.0,16.0
oppo a16e,1702971,68.0,4,1,0,0,8,2.0,4,4,4230,6.52,720,1,13.0,5.0
poco m4 pro 4g,2649171,81.0,4,1,0,1,8,2.05,8,8,5000,6.43,1080,3,64.0,16.0
realme narzo 50a,2176071,71.0,4,1,0,0,8,2.0,4,4,6000,6.5,720,3,50.0,8.0
asus rog phone 5s 5g,7569411,87.0,5,1,1,0,8,2.9,8,8,6000,6.78,1080,3,64.0,24.0
realme gt master edition 5g,5298531,84.0,5,1,1,0,8,2.4,8,8,4300,6.43,1080,3,64.0,32.0
samsung galaxy a32 5g,4636191,79.0,5,1,1,0,8,2.0,6,6,5000,6.5,720,1,48.0,13.0
nubia red magic 8 pro plus,11543451,86.0,5,1,1,0,8,3.2,12,12,5000,6.8,1116,3,50.0,16.0
samsung galaxy z fold 3,21005451,89.0,5,1,1,0,8,2.84,12,12,4400,7.6,1768,4,12.0,10.0
xiaomi redmi note 9 pro max,3120568,80.0,4,1,0,1,8,2.3,6,6,5020,6.67,1080,1,64.0,32.0
samsung galaxy a52,4729108,83.0,4,1,0,0,8,2.3,6,6,4500,6.5,1080,1,64.0,32.0
vivo y71,4731000,80.0,4,1,0,0,4,1.4,3,3,3360,6.0,720,1,13.0,5.0
samsung galaxy a04e,1882938,66.0,4,1,0,0,8,2.3,3,3,5000,6.5,720,2,13.0,5.0
oppo a56s,2459931,75.0,5,1,0,0,8,2.4,8,8,5000,6.56,720,2,13.0,8.0
oppo reno 8t 4g,3784611,83.0,4,1,1,0,8,2.2,8,8,5000,6.67,1080,3,50.0,16.0
oppo reno 10,6244731,84.0,5,1,1,0,8,2.5,8,8,5000,6.73,1080,3,50.0,32.0
nokia g60,5392962,81.0,5,1,1,0,8,2.2,6,6,4500,6.58,1080,3,50.0,8.0
oppo a77,3027462,71.0,4,1,0,0,8,2.3,4,4,5000,6.56,720,1,50.0,8.0
motorola edge 40 pro 5g,11352508,89.0,5,1,1,0,8,3.2,8,8,4800,6.7,1080,3,50.0,60.0
oppo k10x 5g,3215188,78.0,5,1,0,0,8,2.2,6,6,5000,6.59,1080,3,64.0,16.0
iqoo z6 pro 5g,5298531,82.0,5,1,0,0,8,2.4,12,12,4700,6.44,1080,3,64.0,16.0
nokia g21,2554551,75.0,4,1,0,0,8,1.6,6,6,5050,6.5,720,3,50.0,8.0
samsung galaxy a13,3122271,78.0,4,1,0,0,8,2.0,6,6,5000,6.6,1080,1,50.0,8.0
oppo a16k,2081451,66.0,4,1,0,0,8,2.3,4,4,4230,6.52,720,1,13.0,5.0
xiaomi redmi 10c,2647468,71.0,4,1,0,0,8,2.4,4,4,6000,6.7,720,2,50.0,5.0
tecno spark 9 pro,1892211,74.0,4,1,0,0,8,2.0,4,4,5000,6.6,1080,3,48.0,32.0
realme gt neo 3 5g,6054545,83.0,5,1,1,0,8,2.85,8,8,5000,6.7,1080,3,50.0,16.0
xiaomi 11i hypercharge 5g,4696937,83.0,5,1,0,1,8,2.5,6,6,4500,6.67,2400,3,108.0,16.0
iqoo neo 6 se 5g,4350628,83.0,5,1,0,0,8,3.2,8,8,4700,6.62,1080,3,64.0,16.0
iqoo 9 pro 5g,11352508,88.0,5,1,1,0,8,3.0,8,8,4700,6.78,1440,3,50.0,16.0
realme narzo 50i,1702971,62.0,4,1,0,0,8,1.6,4,4,5000,6.5,720,1,8.0,5.0
xiaomi redmi 9 activ,1986831,72.0,4,1,0,0,8,2.3,6,6,5000,6.53,720,2,13.0,5.0
jio jiophone next,1419111,80.0,4,1,0,0,4,1.3,3,3,3000,5.5,720,1,13.0,8.0
xiaomi redmi note 8 2021,1890508,75.0,4,1,0,1,8,2.0,4,4,4000,6.3,1080,1,48.0,13.0
xiaomi redmi note 10 5g,2363608,76.0,5,1,0,1,8,2.2,4,4,5000,6.5,1080,3,48.0,8.0
vivo y20g,2647468,69.0,4,1,0,0,8,2.0,4,4,5000,6.51,720,3,13.0,8.0
samsung galaxy a22 5g,3404428,79.0,5,1,0,0,8,2.2,6,6,5000,6.6,1080,3,48.0,8.0
vivo v21,4730811,83.0,4,1,0,0,8,2.4,8,8,4000,6.44,1080,3,64.0,44.0
realme 7 pro,4163091,85.0,4,1,0,0,8,2.3,8,8,4500,6.4,1080,1,64.0,32.0
oneplus nord lite,3784611,77.0,4,1,0,0,8,2.0,8,8,4300,6.55,1080,3,48.0,16.0
samsung galaxy s20 ultra 5g,18923811,80.0,5,1,1,0,8,2.73,12,12,5000,6.9,1440,1,108.0,40.0
apple iphone 11 pro max,20797476,77.0,4,1,1,0,6,2.65,4,4,3500,6.5,1242,3,12.0,12.0
apple iphone 7s,10027828,80.0,4,1,0,0,4,2.37,3,3,2230,4.7,750,1,13.0,7.0
sony xperia ace iv,3782908,80.0,4,1,1,0,8,2.0,8,8,5000,6.5,1080,2,50.0,16.0
samsung galaxy a04e,2176071,69.0,4,1,0,0,8,2.3,4,4,5000,6.5,720,2,13.0,5.0
xiaomi redmi note 12 4g,2649171,75.0,4,1,0,1,8,2.2,4,4,5000,6.67,1080,3,48.0,13.0
vivo v28,5486068,84.0,5,1,0,0,8,2.2,8,8,5000,6.7,1080,3,108.0,32.0
poco f4 5g,5298531,85.0,5,1,1,0,8,3.2,8,8,4500,6.67,1080,3,64.0,20.0
xiaomi redmi note 11t pro 5g,3782908,82.0,5,1,1,1,8,2.85,6,6,5080,6.6,1080,3,64.0,16.0
realme narzo 50 pro 5g,4352331,83.0,5,1,0,0,8,2.5,8,8,5000,6.4,1080,3,48.0,16.0
vivo t1 44w,3406131,82.0,4,1,0,0,8,2.4,8,8,5000,6.44,1080,3,50.0,16.0
xiaomi redmi note 11s,2933031,81.0,4,1,0,1,8,2.05,6,6,5000,6.43,1080,1,108.0,16.0
lava agni 5g,3404428,84.0,5,1,0,0,8,2.4,8,8,5000,6.78,1080,1,64.0,16.0
realme 8i,2649171,77.0,4,1,0,0,8,2.05,6,6,5000,6.6,1080,3,50.0,16.0
oppo a55 4g,2554551,73.0,4,1,0,0,8,2.3,4,4,5000,6.51,720,3,50.0,16.0
poco m3 pro 5g,2800563,79.0,5,1,0,1,8,2.2,6,6,5000,6.5,1080,3,48.0,8.0
realme c21y,1324491,62.0,4,1,0,0,8,1.8,3,3,5000,6.5,720,3,13.0,5.0
oppo a16,2270691,69.0,4,1,0,0,8,2.3,4,4,5000,6.52,720,3,13.0,8.0
vivo v21 5g,4540625,85.0,5,1,0,0,8,2.4,8,8,4000,6.44,1080,3,64.0,44.0
sony xperia 1 ii,13246611,89.0,5,1,1,0,8,2.84,8,8,4000,6.5,1644,1,12.0,8.0
motorola edge plus,10975731,89.0,5,1,1,0,8,2.84,12,12,5000,6.7,1080,3,108.0,25.0
samsung galaxy note 20,16274640,87.0,4,1,1,0,8,2.73,8,8,4300,6.7,1080,3,64.0,10.0
samsung galaxy a12,2270691,71.0,4,1,0,0,8,2.3,4,4,5000,6.5,720,1,48.0,8.0
xiaomi redmi note 12 pro 4g,2838411,77.0,4,1,1,1,8,2.3,6,6,5000,6.67,1080,3,50.0,16.0
realme gt neo 3t,5014671,81.0,5,1,0,0,8,3.2,8,8,5000,6.62,1080,3,64.0,16.0
realme c30s,1701268,62.0,4,1,0,0,8,1.6,4,4,5000,6.5,720,1,8.0,5.0
apple iphone 14,18166851,82.0,5,1,1,0,6,3.22,6,6,3279,6.1,1170,2,12.0,12.0
iqoo 9t 5g,9081628,85.0,5,1,1,1,8,3.2,8,8,4700,6.78,1080,3,50.0,16.0
tecno camon 19 pro,3404428,81.0,4,1,0,0,8,2.05,8,8,5000,6.8,1080,3,64.0,32.0
oneplus nord 2 lite 5g,4352331,83.0,5,1,1,0,8,2.2,8,8,5000,6.59,1080,3,64.0,16.0
samsung galaxy s22 ultra 5g,18922108,80.0,5,1,1,0,8,3.0,8,8,5000,6.8,1440,1,108.0,40.0
poco f4 gt 5g,7569411,86.0,5,1,1,1,8,3.0,8,8,4700,6.67,1080,3,64.0,20.0
xiaomi 11t pro 5g,7380171,88.0,5,1,1,1,8,2.84,12,12,5000,6.67,1080,3,108.0,16.0
vivo y10,2363608,63.0,4,1,0,0,8,2.3,4,4,5000,6.51,720,2,13.0,8.0
samsung galaxy a83 5g,7567708,86.0,5,1,1,0,8,3.2,6,6,4500,6.71,1440,3,64.0,10.0
vivo y33s,3157469,80.0,4,1,0,0,8,2.0,8,8,5000,6.58,1080,3,50.0,16.0
huawei mate 40 pro 4g,13244908,80.0,4,1,1,1,8,3.13,8,8,4400,6.76,1344,3,50.0,13.0
micromax in 2b,1324491,66.0,4,1,0,0,8,1.8,4,4,5000,6.52,720,2,13.0,5.0
asus rog phone 6,13625091,86.0,5,1,1,0,8,3.2,12,12,6000,6.78,1080,3,50.0,12.0
realme x7 max,5109291,84.0,5,1,1,0,8,3.0,8,8,4500,6.43,1080,3,64.0,16.0
realme 8 5g,3122271,75.0,5,1,0,0,8,2.2,4,4,5000,6.5,1080,3,48.0,16.0
oppo a55 5g,3404428,74.0,5,1,0,0,8,2.2,6,6,5000,6.5,720,3,13.0,8.0
xiaomi redmi 9,1702971,68.0,4,1,0,0,8,2.3,4,4,5000,6.53,720,2,13.0,5.0
apple iphone se 2020,7550676,63.0,4,1,1,0,6,2.65,3,3,1821,4.7,750,1,12.0,7.0
vivo y73t,3215188,77.0,5,1,0,0,8,2.0,8,8,6000,6.58,1080,2,50.0,8.0
oppo reno 9 z,4350628,84.0,5,1,1,0,8,2.2,8,8,4800,6.58,1080,3,50.0,32.0
vivo v25e,3782908,84.0,4,1,0,0,8,2.2,8,8,4500,6.44,1080,3,64.0,32.0
infinix hot 12 pro,2053254,74.0,4,1,0,0,8,2.0,6,6,5000,6.6,720,1,50.0,8.0
realme narzo 50 5g,2554551,75.0,5,1,0,0,8,2.4,4,4,5000,6.6,1080,3,48.0,16.0
itel vision 3,1267719,61.0,4,1,0,0,8,1.6,3,3,5000,6.6,1612,2,8.0,5.0
oppo a96 4g,3406131,80.0,4,1,0,0,8,2.4,8,8,5000,6.59,1080,2,50.0,16.0
xiaomi redmi note 11e 5g,2647468,69.0,5,1,0,1,8,2.2,4,4,5000,6.58,1080,2,50.0,5.0
honor magic 4 pro plus 5g,17975908,80.0,5,1,1,0,8,3.0,12,12,4600,6.76,1344,1,50.0,13.0
tecno spark 9t,1697104,72.0,4,1,0,0,8,2.3,4,4,5000,6.6,1080,2,50.0,8.0
infinix smart 6,1385237,60.0,4,1,0,0,4,2.0,2,2,5000,6.6,720,1,8.0,5.0
realme c25y,1702971,69.0,4,1,0,0,8,1.8,4,4,5000,6.5,1600,3,50.0,8.0
samsung galaxy a12,2649171,75.0,4,1,0,0,8,2.3,6,6,5000,6.5,720,1,48.0,8.0
tecno camon 19,2790533,79.0,4,1,1,0,8,2.0,6,6,5000,6.8,1080,2,64.0,16.0
xiaomi redmi note 10 pro 5g,3216891,83.0,5,1,1,1,8,2.6,6,6,5000,6.6,1080,3,64.0,16.0
xiaomi mi 11x 5g,4918348,83.0,5,1,0,1,8,3.2,8,8,4520,6.67,1080,3,48.0,20.0
xiaomi redmi note 10,3122271,78.0,4,1,0,1,8,2.2,6,6,5000,6.43,1080,1,48.0,13.0
xiaomi redmi note 10 pro max,3784611,81.0,4,1,0,1,8,2.3,6,6,5020,6.67,1080,1,108.0,16.0
xiaomi mi 10t 5g,4447140,80.0,5,1,1,0,8,2.84,6,6,5000,6.67,2400,3,64.0,20.0
lg velvet 5g,10408011,85.0,5,1,1,0,8,2.4,6,6,4300,6.8,1080,3,48.0,16.0
motorola one fusion plus,3689991,80.0,4,1,0,0,8,2.2,6,6,5000,6.5,1080,1,64.0,16.0
samsung galaxy note 10 lite,7569411,83.0,4,1,1,0,8,2.7,6,6,4500,6.7,1080,3,12.0,32.0
samsung galaxy note 10 plus 5g,17599131,89.0,5,1,1,1,8,2.7,12,12,4300,6.8,1440,1,12.0,10.0
iqoo neo 7 racing edition,6243028,84.0,5,1,1,1,8,3.2,8,8,5000,6.78,1080,3,50.0,16.0
samsung galaxy a04s,2743791,72.0,4,1,0,0,8,2.0,4,4,5000,6.5,720,3,50.0,5.0
vivo y35 5g,2649171,70.0,5,1,0,0,8,2.2,4,4,5000,6.51,720,2,13.0,5.0
itel vision 3,1094753,80.0,4,1,0,0,8,1.6,2,2,5000,6.6,1612,2,8.0,5.0
xiaomi redmi note 11r,2458228,73.0,5,1,0,1,8,2.2,4,4,5000,6.58,1080,2,13.0,5.0
poco m6 pro,3782908,84.0,5,1,0,1,8,2.5,8,8,5100,6.73,1080,3,108.0,32.0
oppo a97 5g,4539868,79.0,5,1,0,0,8,2.4,12,12,5000,6.56,1080,2,48.0,8.0
samsung galaxy a24,3406131,77.0,4,1,0,0,8,1.8,6,6,4000,6.4,1080,3,48.0,16.0
infinix note 13 pro,3216891,80.0,4,1,0,0,8,2.2,6,6,5000,6.91,1080,1,108.0,16.0
honor play 30,1892211,68.0,5,1,0,0,8,2.2,4,4,5000,6.5,720,1,13.0,5.0
infinix smart 6 plus,1570503,63.0,4,1,0,0,8,2.0,3,3,5000,6.82,720,1,8.0,5.0
sony xperia 5 iv 5g,15555339,89.0,5,1,1,0,8,3.0,8,8,5000,6.1,1080,3,12.0,12.0
nubia z40 pro 5g,9460108,84.0,5,1,1,0,8,3.0,8,8,5000,6.67,1080,3,64.0,16.0
nokia g21,2270691,71.0,4,1,0,0,8,1.6,4,4,5050,6.5,720,3,50.0,8.0
xiaomi 12 lite 5g,5675308,82.0,5,1,1,0,8,2.4,6,6,4300,6.55,1080,3,108.0,32.0
oppo find n 5g,17457201,80.0,5,1,1,0,8,2.84,8,8,4500,7.1,1792,3,50.0,32.0
apple iphone 13 pro max,26474676,84.0,5,1,1,0,6,3.22,6,6,4352,6.7,1284,3,12.0,12.0
vivo y21s,2836708,74.0,4,1,0,0,8,2.0,4,4,5000,6.51,720,3,50.0,8.0
oppo f19s,3025569,79.0,4,1,0,0,8,2.0,6,6,5000,6.43,1080,3,48.0,16.0
samsung galaxy m21,2218839,76.0,4,1,0,0,8,2.3,4,4,6000,6.4,1080,3,48.0,20.0
oppo f19 pro,3405185,80.0,4,1,0,0,8,2.2,8,8,4310,6.43,1080,1,48.0,16.0
oppo x,25547211,86.0,4,1,0,0,8,2.84,8,8,4000,7.4,1440,3,64.0,16.0
oneplus nord n10,4843598,81.0,5,1,1,0,8,2.0,6,6,4300,6.49,1080,1,64.0,16.0
gionee m12 pro,1419111,67.0,4,0,0,0,8,1.99,6,6,4000,6.2,720,1,16.0,13.0
poco m2,2060824,74.0,4,1,0,1,8,2.0,6,6,5000,6.53,1080,1,13.0,8.0
oppo f17 pro,3593668,83.0,4,1,0,0,8,2.2,8,8,4015,6.43,1080,2,48.0,16.0
motorola moto g 5g,3782908,82.0,5,1,1,0,8,2.2,6,6,5000,6.67,1080,3,48.0,16.0
samsung galaxy a50s,3025948,80.0,4,1,1,0,8,2.3,4,4,4000,6.4,1080,3,48.0,32.0
samsung galaxy note 10 plus,11164971,89.0,4,1,1,0,8,2.73,12,12,4300,6.8,1440,1,12.0,10.0
vivo y15,2365500,71.0,4,1,0,0,8,2.0,4,4,5000,6.35,720,3,13.0,16.0
vivo s1 pro,5677011,82.0,4,1,0,0,8,2.0,8,8,4500,6.38,1080,1,48.0,32.0
vivo t3 pro,6053788,86.0,5,1,0,0,8,2.7,8,8,4700,6.67,1080,3,64.0,32.0
vivo v21s,5677011,86.0,5,1,1,0,8,2.4,8,8,4000,6.44,1080,3,64.0,44.0
motorola moto edge 30 neo,6053788,84.0,5,1,1,0,8,2.2,8,8,4020,6.28,1080,2,64.0,32.0
xiaomi 12t,9270868,87.0,5,1,1,1,8,2.85,8,8,5000,6.67,1220,3,108.0,20.0
huawei mate 50 pro 5g,18922108,85.0,5,1,1,0,8,3.13,8,8,4500,6.76,1440,3,64.0,13.0
realme c32,1797591,65.0,4,1,0,0,8,1.82,4,4,5000,6.52,720,3,13.0,5.0
iqoo z7 pro 5g,4730811,80.0,5,1,0,0,8,2.36,6,6,5000,6.62,1080,3,50.0,16.0
infinix note 11s,3027651,79.0,4,1,0,0,8,2.05,8,8,5000,6.95,1080,3,50.0,16.0
tecno spark 8,1702971,64.0,4,1,0,0,8,1.8,4,4,5000,6.52,720,2,16.0,8.0
oppo a56 5g,3404428,73.0,5,1,0,0,8,2.2,6,6,5000,6.5,720,2,13.0,8.0
vivo x80 pro plus 5g,15705028,80.0,5,1,1,0,8,3.2,12,12,4500,6.78,1440,1,50.0,32.0
xiaomi redmi 10 prime,2459931,77.0,4,1,0,1,8,2.0,6,6,6000,6.5,1080,1,50.0,8.0
huawei nova 9,5675308,83.0,4,0,1,0,8,2.4,8,8,4300,6.57,1080,1,50.0,32.0
tecno pop 5 go,1324491,80.0,4,0,0,0,4,1.3,1,1,4000,6.1,720,2,5.0,5.0
huawei p50 pro 4g,11543451,80.0,4,1,1,1,8,2.84,8,8,4360,6.6,1288,1,50.0,13.0
xiaomi redmi k50 5g,5296828,83.0,5,1,1,1,8,2.85,8,8,5500,6.67,1440,3,48.0,20.0
nokia c01 plus,993321,80.0,4,1,0,0,8,1.6,2,2,3000,5.45,720,1,5.0,5.0
realme q3,2838411,80.0,5,1,0,0,8,2.2,6,6,5000,6.5,1080,3,48.0,16.0
oppo reno 6 pro plus 5g,8513908,87.0,5,1,1,0,8,3.2,8,8,4500,6.55,1080,1,50.0,32.0
motorola edge s,4256008,87.0,5,1,1,0,8,3.2,6,6,5000,6.7,1080,2,64.0,16.0
oppo find x3 pro,9649348,80.0,5,1,1,0,8,2.84,12,12,4500,6.7,1440,1,50.0,32.0
poco m3,2176071,75.0,4,1,0,1,8,2.0,6,6,6000,6.53,1080,3,48.0,8.0
itel s16,1133548,80.0,4,1,0,0,4,1.3,1,1,4000,6.5,1600,3,8.0,8.0
vivo v20 pro,5109480,84.0,5,1,0,0,8,2.4,8,8,4000,6.44,1080,4,64.0,44.0
xiaomi mi 10t pro 5g,5677011,86.0,5,1,1,1,8,2.84,8,8,5000,6.67,1080,3,108.0,20.0
vivo v19,5296828,84.0,4,1,0,0,8,2.3,8,8,4500,6.44,1080,2,48.0,32.0
samsung galaxy s20 5g,14192811,89.0,5,1,1,0,8,2.73,8,8,4000,6.2,1440,3,64.0,10.0
vivo u3,1890508,72.0,4,1,0,0,8,2.0,4,4,5000,6.53,1080,3,16.0,16.0
oppo k5,3782908,82.0,4,1,0,0,8,2.2,8,8,4000,6.4,1080,1,64.0,32.0
realme xt,2512918,75.0,4,1,0,0,8,2.3,4,4,4000,6.4,1080,1,64.0,16.0
vivo y12,2081640,68.0,4,1,0,0,8,2.0,3,3,5000,6.35,720,3,13.0,8.0
xiaomi poco f1,2459931,78.0,4,1,0,0,8,2.8,6,6,4000,6.18,1080,2,12.0,20.0
poco c50,1381263,61.0,4,1,0,0,4,2.0,3,3,5000,6.52,720,1,8.0,5.0
ikall z19,1513731,61.0,4,1,0,0,4,1.6,4,4,5000,6.5,720,1,20.0,13.0
xiaomi redmi k60 gaming edition,10406308,86.0,5,1,1,1,8,3.2,8,8,5000,6.73,1440,3,50.0,20.0
honor 80 pro plus,10406308,80.0,5,1,1,0,8,3.0,12,12,4500,6.78,1200,3,200.0,50.0
tecno pova neo 5g,2933031,71.0,4,1,0,0,8,2.4,4,4,6000,6.8,1080,1,50.0,8.0
vivo t2x 5g,3593668,80.0,5,1,0,0,8,3.0,8,8,6000,6.58,1080,2,50.0,16.0
motorola moto g52 5g,3216891,76.0,5,1,1,0,8,2.2,4,4,5000,6.6,2460,3,50.0,16.0
motorola edge 40 5g,6623211,86.0,5,1,1,0,8,2.36,8,8,4200,6.5,1080,3,50.0,32.0
vivo x note 5g,15705028,80.0,5,1,1,1,8,3.0,12,12,5000,7.0,1440,1,50.0,16.0
realme gt 2 pro 5g,8894091,89.0,5,1,1,0,8,3.0,12,12,5000,6.7,1440,3,50.0,32.0
vivo y15c,1608351,66.0,4,1,0,0,8,2.3,3,3,5000,6.51,720,2,13.0,8.0
honor x8,3216891,76.0,4,1,0,0,8,2.4,6,6,4000,6.7,1080,1,64.0,16.0
samsung galaxy a03,2176071,69.0,4,1,0,0,8,1.6,4,4,5000,6.5,720,2,48.0,5.0
samsung galaxy s22 plus 5g,16842171,88.0,5,1,1,0,8,3.0,8,8,4500,6.6,1080,3,50.0,10.0
vivo y33t,3025948,81.0,4,1,0,0,8,2.4,8,8,5000,6.58,1080,3,50.0,16.0
xiaomi 11i 5g,4729108,83.0,5,1,0,1,8,2.5,8,8,5160,6.67,2400,3,108.0,16.0
oppo find x5 pro 5g,15137308,80.0,5,1,1,0,8,3.0,8,8,5000,6.7,1440,3,50.0,32.0
tecno spark go,1182561,61.0,4,1,0,0,8,2.2,2,2,5000,6.51,720,2,13.0,8.0
vivo y21e,2365311,69.0,4,1,0,0,8,2.4,3,3,5000,6.51,720,2,13.0,8.0
xiaomi redmi 9a sport,1229871,61.0,4,1,0,0,8,2.0,2,2,5000,6.53,720,1,13.0,5.0
apple iphone 13 pro max,34044276,86.0,5,1,1,0,6,3.22,6,6,4352,6.7,1284,3,12.0,12.0
vivo y12g,2268988,68.0,4,1,0,0,8,2.0,3,3,5000,6.51,720,3,13.0,8.0
vivo v23e,5107588,82.0,4,1,0,0,8,2.05,8,8,4050,6.44,1080,3,64.0,50.0
samsung galaxy f22,2554551,76.0,4,1,0,0,8,2.0,6,6,6000,6.4,720,1,48.0,13.0
xiaomi 12 ultra 5g,14382051,80.0,5,1,1,1,8,3.2,12,12,4800,6.73,1440,3,50.0,20.0
micromax in 2c,1135251,60.0,4,1,0,0,8,1.8,3,3,5000,6.52,720,1,8.0,5.0
samsung galaxy a03s,1608351,67.0,4,1,0,0,8,2.3,3,3,5000,6.5,720,3,13.0,5.0
oppo a54,2268988,71.0,4,1,0,0,8,2.3,4,4,5000,6.51,1600,3,13.0,16.0
xiaomi redmi 20x,2079748,77.0,5,1,0,1,8,2.2,4,4,5000,6.43,1080,1,48.0,13.0
xiaomi mi mix fold,20814508,80.0,5,1,1,1,8,2.84,12,12,5020,8.01,1860,3,108.0,20.0
realme narzo 30 5g,3216891,80.0,5,1,1,0,8,2.2,6,6,5000,6.5,1080,3,48.0,16.0
oppo a54,2308539,70.0,4,1,0,0,8,2.3,4,4,5000,6.51,1600,3,13.0,16.0
oppo a15s,2174368,72.0,4,1,0,0,8,2.3,4,4,4230,6.52,720,3,13.0,8.0
itel a56,1038928,80.0,4,1,0,0,4,1.3,1,1,4000,6.0,720,1,8.0,5.0
xiaomi redmi 9 power,2176071,74.0,4,1,0,1,8,2.0,4,4,6000,6.53,1080,1,48.0,8.0
samsung galaxy s21 plus,11250318,88.0,5,1,1,0,8,2.9,8,8,4800,6.7,1080,3,64.0,10.0
poco m2 pro,2422083,76.0,4,1,0,1,8,2.3,4,4,5000,6.67,1080,1,48.0,16.0
samsung galaxy s20 plus,15706920,88.0,4,1,1,0,8,2.73,8,8,4500,6.7,1440,1,64.0,10.0
realme 6 pro,2742088,80.0,4,1,0,0,8,2.3,6,6,4300,6.6,1080,2,64.0,16.0
huawei p40 pro,15705028,80.0,5,1,1,0,8,2.86,8,8,4200,6.58,1200,1,50.0,32.0
vivo y11,1795888,64.0,4,1,0,0,8,2.0,3,3,5000,6.35,720,2,13.0,8.0
vivo v15 pro,4731000,78.0,4,1,0,0,8,2.0,8,8,3700,6.39,1080,3,48.0,32.0
vivo y95,2838600,65.0,4,1,0,0,8,1.95,4,4,4030,6.22,1520,2,13.0,20.0
vivo v11i,3972148,70.0,4,1,0,0,8,2.0,4,4,3315,6.3,1080,2,16.0,25.0
samsung galaxy s9 plus,6623211,78.0,4,1,1,0,8,2.8,6,6,3500,6.2,1440,2,12.0,8.0
realme gt neo 4t,5677011,80.0,5,1,0,0,8,3.0,8,8,5000,6.73,1080,3,50.0,16.0
vivo y53t,2270691,67.0,5,1,0,0,8,2.0,4,4,6000,6.51,720,2,13.0,5.0
samsung galaxy a04,2459931,72.0,4,1,0,0,8,2.3,4,4,5000,6.5,720,2,50.0,5.0
xiaomi redmi k60i,5487771,85.0,5,1,0,1,8,3.1,8,8,5080,6.67,1080,3,50.0,32.0
infinix hot 20s,2459931,77.0,4,1,0,0,8,2.05,8,8,5000,6.78,1080,1,50.0,8.0
realme gt neo 3t,5393151,82.0,5,1,0,0,8,3.2,8,8,5000,6.62,1080,3,64.0,16.0
apple iphone 14 plus,19870011,83.0,5,1,1,0,6,3.22,6,6,4325,6.7,1284,2,12.0,12.0
xiaomi redmi 13 prime 5g,3404428,79.0,5,1,0,1,8,2.0,6,6,5100,6.73,1080,2,64.0,16.0
nokia c21 plus,1702971,64.0,4,1,0,0,8,1.6,4,4,5050,6.52,720,2,13.0,5.0
oneplus nord n300,3593668,75.0,5,1,1,0,8,2.4,4,4,5000,6.56,720,2,48.0,16.0
tecno camon 19 neo,2838411,77.0,4,1,1,0,8,2.0,6,6,5000,6.8,1080,2,48.0,32.0
realme narzo 50i prime,1513731,61.0,4,1,0,0,8,1.82,3,3,5000,6.5,720,1,8.0,5.0
xiaomi redmi k50 ultra 5g,7569411,85.0,5,1,1,1,8,3.2,8,8,5000,6.67,1220,3,108.0,20.0
oppo a57 4g,2268988,67.0,4,1,0,0,8,2.3,3,3,5000,6.56,720,2,13.0,8.0
infinix note 12,2459931,77.0,4,1,0,0,8,2.0,6,6,5000,6.7,2400,2,50.0,16.0
vivo x80 5g,11354211,88.0,5,1,0,0,8,3.05,12,12,4500,6.78,1080,3,50.0,32.0
infinix note 12 (g96),3216891,79.0,4,1,0,0,8,2.05,8,8,5000,6.7,1080,2,50.0,16.0
xiaomi redmi 10 prime plus 5g,2647468,69.0,5,1,0,1,8,2.2,4,4,5000,6.58,1080,2,50.0,5.0
xiaomi redmi note 11 pro 4g,3406131,81.0,4,1,0,1,8,2.05,6,6,5000,6.67,1080,1,108.0,16.0
realme narzo 50a prime,2157147,73.0,4,1,0,0,8,1.82,4,4,5000,6.6,1080,3,50.0,8.0
vivo y55s 5g,3782908,79.0,5,1,0,0,8,2.2,8,8,6000,6.58,1080,2,50.0,8.0
vivo y21t,2933031,74.0,4,1,0,0,8,2.4,4,4,5000,6.51,1600,3,50.0,8.0
gionee k10,1324491,80.0,4,1,0,0,4,2.0,3,3,4800,6.8,720,1,13.0,5.0
xiaomi redmi note 10 lite,2365311,77.0,4,1,0,1,8,2.3,4,4,5020,6.67,1080,1,48.0,16.0
apple iphone 13,17409891,80.0,5,1,1,0,6,3.22,4,4,3240,6.1,1170,2,12.0,12.0
infinix hot 11s,1833736,71.0,4,1,0,0,8,2.0,4,4,5000,6.78,1080,2,50.0,8.0
realme gt explorer master edition,6243028,85.0,5,1,1,0,8,3.2,8,8,4500,6.55,1080,3,50.0,32.0
xiaomi mi 12 5g,8135428,87.0,5,1,1,1,8,3.0,8,8,4500,6.28,1080,3,50.0,32.0
xiaomi mi 11 lite,3538599,82.0,4,1,0,1,8,2.3,8,8,4250,6.55,1080,3,64.0,16.0
realme q3i 5g,2079748,76.0,5,1,0,0,8,2.2,4,4,5000,6.5,1080,3,48.0,16.0
xiaomi mi 11x pro,5864548,85.0,5,1,0,1,8,2.84,8,8,4520,6.67,1080,3,108.0,20.0
lenovo legion pro 2,11354211,89.0,5,1,1,0,8,2.84,16,16,5000,6.5,1080,2,64.0,20.0
samsung galaxy m62,4541571,83.0,4,1,1,0,8,2.73,6,6,7000,6.71,1080,1,64.0,32.0
xiaomi redmi 9i,1759743,67.0,4,1,0,0,8,2.0,4,4,5000,6.53,720,1,13.0,5.0
realme 6,2458038,77.0,4,1,0,0,8,2.05,6,6,4300,6.5,1080,1,64.0,16.0
samsung galaxy a01 core,946011,80.0,4,1,0,0,4,1.5,1,1,3000,5.3,720,1,8.0,5.0
oppo reno 5,5675308,83.0,5,1,0,0,8,2.4,8,8,4300,6.43,1080,1,64.0,32.0
oppo a31 2020,2363608,72.0,4,1,0,0,8,2.3,6,6,4230,6.5,720,3,12.0,8.0
sony xperia 10 ii,5298531,75.0,4,1,1,0,8,2.0,4,4,3600,6.0,1080,3,12.0,8.0
vivo y91c,1551579,80.0,4,1,0,0,8,2.0,2,2,4030,6.22,720,1,13.0,5.0
huawei nova 7i,4161388,81.0,4,1,0,0,8,2.2,8,8,4200,6.4,1080,1,48.0,16.0
vivo y19,3784800,73.0,4,1,0,0,8,2.0,4,4,5000,6.53,1080,3,16.0,16.0
vivo u3,2268988,74.0,4,1,0,0,8,2.0,6,6,5000,6.53,1080,3,16.0,16.0
xiaomi redmi note 9,2268798,75.0,4,1,0,1,8,2.0,4,4,5020,6.53,1080,1,48.0,13.0
xiaomi redmi 8,2174368,66.0,4,1,0,1,8,2.0,4,4,5000,6.22,720,2,12.0,8.0
motorola one macro,2174368,68.0,4,1,0,0,8,2.0,4,4,4000,6.2,720,3,13.0,8.0
google pixel 3a xl,3027651,67.0,4,1,1,0,8,2.0,4,4,3700,6.0,1080,1,2.0,8.0
samsung galaxy a40,3404428,69.0,4,1,0,0,8,2.2,4,4,3100,5.9,1080,2,16.0,25.0
samsung galaxy s10 5g,14948068,86.0,5,1,1,0,8,2.7,8,8,4500,6.7,1440,3,16.0,10.0
huawei honor 9n,2071989,66.0,4,1,0,0,8,2.36,4,4,3000,5.84,1080,2,13.0,16.0
doogee v max,8704851,88.0,5,1,0,0,8,2.6,12,12,22000,6.58,1080,3,108.0,32.0
vivo v29,6243028,84.0,5,1,0,0,8,2.4,8,8,5000,6.67,1080,3,64.0,32.0
poco m5,2743791,77.0,4,1,0,1,8,2.2,6,6,5000,6.58,1080,3,50.0,8.0
nokia x30,7946188,85.0,5,1,1,0,8,2.2,6,6,4200,6.43,1080,2,50.0,16.0
vivo y15c,1985128,67.0,4,1,0,0,8,2.3,3,3,5000,6.51,720,2,13.0,8.0
huawei nova 10,5675308,82.0,4,0,0,0,8,2.4,8,8,4000,6.67,1080,3,50.0,60.0
huawei nova y90,4350628,82.0,4,1,1,0,8,2.4,8,8,5000,6.7,1080,1,50.0,8.0
samsung galaxy a92 5g,9081628,80.0,5,1,0,0,8,3.0,8,8,5000,6.7,1080,3,48.0,16.0
infinix note 12 vip,3784611,84.0,4,1,0,0,8,2.05,8,8,4500,6.7,1080,3,108.0,16.0
oneplus nord 4 5g,5677011,83.0,5,1,1,0,8,2.36,8,8,4500,6.43,1080,3,50.0,32.0
realme narzo 50a prime,2247982,74.0,4,1,0,0,8,1.82,4,4,5000,6.6,1080,3,50.0,8.0
oneplus ace 5g,5486068,84.0,5,1,1,0,8,2.85,8,8,4500,6.7,1080,3,50.0,16.0
iqoo 9 5g,7567708,85.0,5,1,0,0,8,2.9,12,12,4350,6.56,1080,3,48.0,16.0
xiaomi redmi note 12t 5g,3027651,78.0,5,1,0,1,8,2.0,6,6,5000,6.52,1080,3,64.0,16.0
oppo a96 5g,4350628,82.0,5,1,0,0,8,2.2,8,8,4500,6.43,1080,2,48.0,16.0
tecno camon 18,2176071,75.0,4,1,1,0,8,2.0,4,4,5000,6.8,1080,3,48.0,16.0
tecno phantom x pro,4352331,84.0,4,1,0,0,8,2.05,8,8,5000,6.7,1080,2,50.0,48.0
tecno spark 8t,1513731,70.0,4,1,0,0,8,2.3,4,4,5000,6.6,720,2,50.0,8.0
realme gt neo2 5g,6055491,82.0,5,1,1,0,8,3.2,8,8,5000,6.62,2400,3,64.0,16.0
sony xperia 10 iii lite 5g,5864548,78.0,5,1,1,0,8,2.0,6,6,4500,6.0,1080,3,12.0,8.0
realme g1,1513731,64.0,4,1,0,0,8,2.3,3,3,6000,6.52,720,3,13.0,5.0
tecno pova 2,2081451,74.0,4,1,0,0,8,2.0,4,4,7000,6.95,1080,1,48.0,8.0
poco x4,2836708,79.0,5,1,0,0,8,2.2,6,6,5000,6.67,1080,3,50.0,16.0
motorola moto g40 fusion,2743791,77.0,4,1,0,0,8,2.3,4,4,6000,6.78,1080,3,64.0,16.0
oneplus 9t,8515611,86.0,5,1,1,0,8,2.84,8,8,4500,6.55,1080,1,108.0,16.0
realme 8,3406131,83.0,4,1,0,0,8,2.0,8,8,5000,6.4,1080,1,64.0,16.0
realme narzo 30 pro 5g,3784611,83.0,5,1,0,0,8,2.4,8,8,5000,6.5,1080,3,48.0,16.0
samsung galaxy s21 ultra 5g,19302291,80.0,5,1,1,0,8,2.9,12,12,5000,6.8,1440,1,108.0,40.0
oppo reno 5 pro 5g,7323588,84.0,5,1,0,0,8,2.6,8,8,4350,6.53,1080,1,64.0,32.0
oneplus nord se,3784611,73.0,4,1,0,0,8,2.0,4,4,4500,6.3,1080,1,48.0,13.0
samsung galaxy m12,2081451,72.0,4,1,0,0,8,2.0,4,4,6000,6.5,720,1,48.0,8.0
oneplus nord n100,3215188,68.0,4,1,0,0,8,1.8,4,4,5000,6.52,720,3,13.0,8.0
oppo a15,1892211,66.0,4,1,0,0,8,2.3,3,3,4230,6.52,720,3,13.0,5.0
xiaomi redmi note 9 pro,2732436,77.0,4,1,0,1,8,2.3,4,4,5020,6.67,1080,1,48.0,16.0
oppo a12,1890508,64.0,4,1,0,0,8,1.8,3,3,4230,6.22,1520,2,13.0,5.0
realme x50 pro 5g,4730811,85.0,5,1,1,0,8,2.84,8,8,4200,6.44,1080,2,64.0,32.0
samsung galaxy s20 plus 5g,16272748,80.0,5,1,1,0,8,2.73,8,8,4500,6.7,1440,1,64.0,10.0
xiaomi redmi k20 pro signature edition,90835200,88.0,4,1,1,0,8,2.8,8,8,4000,6.39,1080,3,48.0,20.0
xiaomi redmi note 8 pro,3216891,78.0,4,1,0,1,8,2.05,6,6,4500,6.53,1080,1,64.0,20.0
realme a1,1702971,80.0,4,1,0,0,8,2.1,2,2,4000,6.2,720,2,13.0,8.0
tecno camon 20 premier,3973851,79.0,5,1,1,0,8,2.2,6,6,5000,6.83,1080,3,50.0,16.0
oppo reno 8 house of dragon edition,6243028,84.0,5,1,1,0,8,3.0,8,8,4500,6.43,1080,3,50.0,32.0
motorola moto e22s,1707323,70.0,4,1,0,0,8,2.3,4,4,5000,6.5,720,2,16.0,8.0
xiaomi redmi a1 plus,1589427,61.0,4,1,0,0,4,2.0,3,3,5000,6.52,720,2,8.0,5.0
infinix hot 20i,1892211,64.0,4,1,0,0,8,2.0,3,3,5000,6.6,720,1,13.0,8.0
tecno spark 9,1587724,63.0,4,1,0,0,8,2.3,3,3,5000,6.6,720,1,13.0,8.0
zte axon 30s,3784611,82.0,5,1,1,0,8,3.2,6,6,4200,6.9,1080,1,50.0,16.0
honor x6,2649171,71.0,4,1,0,0,8,2.0,4,4,5000,6.5,720,3,50.0,5.0
xiaomi civi 2,5677011,85.0,5,1,1,1,8,2.4,8,8,4500,6.55,1080,4,50.0,32.0
tcl ion x,1701268,60.0,4,1,0,0,8,2.0,3,3,3000,6.0,720,1,13.0,5.0
samsung galaxy z fold 4,31031575,80.0,5,1,1,0,8,3.2,12,12,4400,7.6,1812,4,50.0,10.0
nothing phone 1 lite,4729108,80.0,5,1,1,0,8,2.5,6,6,5000,6.55,1080,2,50.0,16.0
motorola moto edge x30 pro,11352508,80.0,5,1,1,0,8,3.2,8,8,4450,6.67,1080,3,200.0,60.0
oneplus ace pro,9081628,86.0,5,1,1,0,8,3.2,12,12,4800,6.7,1080,3,50.0,16.0
realme gt 2 explorer master edition,7756948,86.0,5,1,1,0,8,3.2,8,8,5000,6.7,1080,2,50.0,16.0
infinix note 12 turbo,2838411,79.0,4,1,0,0,8,2.0,8,8,5000,6.7,2400,2,50.0,16.0
poco f5 gt 5g,8137131,86.0,5,1,1,1,8,3.0,8,8,4500,6.67,1080,3,64.0,20.0
iqoo z8 5g,2838411,78.0,5,1,0,0,8,2.2,4,4,5000,6.58,1080,3,50.0,16.0
vivo y55 4g,4350628,83.0,4,1,0,0,8,2.4,8,8,5000,6.44,1080,3,50.0,16.0
vivo x fold 5g,22517668,80.0,5,1,1,0,8,3.0,12,12,4600,8.03,1916,1,50.0,16.0
oppo k10 pro 5g,5675308,81.0,5,1,0,0,8,2.84,8,8,5000,6.62,1080,3,50.0,16.0
tecno spark 8c,1400187,62.0,4,1,0,0,8,2.0,3,3,5000,6.6,720,1,13.0,8.0
iqoo z7 5g,3406131,80.0,5,1,0,0,8,2.2,8,8,4200,6.67,1080,3,50.0,16.0
infinix note 11,2422083,77.0,4,1,0,0,8,2.0,6,6,5000,6.7,1080,2,50.0,16.0
xiaomi 11i hypercharge 5g,5109291,86.0,5,1,0,1,8,2.5,8,8,4500,6.67,2400,3,108.0,16.0
samsung galaxy f42 5g,4352331,82.0,5,1,0,0,8,2.2,8,8,5000,6.6,1080,3,64.0,8.0
apple iphone 13 pro,27988596,84.0,5,1,1,0,6,3.22,6,6,3095,6.1,1170,3,12.0,12.0
nubia red magic 6s 5g,8515611,84.0,5,1,1,0,8,2.9,8,8,5050,6.8,1080,3,64.0,8.0
micromax in 2b,1474180,68.0,4,1,0,0,8,1.8,6,6,5000,6.52,720,2,13.0,5.0
nokia x60 5g,7567708,87.0,5,1,0,0,8,3.2,6,6,6000,6.51,1080,1,200.0,16.0
vivo y12a,1892211,65.0,4,1,0,0,8,2.0,3,3,5000,6.51,720,2,13.0,8.0
oppo reno 5a,4350628,80.0,5,1,0,0,8,2.4,6,6,4000,6.5,1080,1,64.0,16.0
poco f3 gt,6244731,79.0,5,1,0,1,8,3.0,6,6,5065,6.67,1080,3,64.0,16.0
honor 50,6243028,85.0,5,1,1,0,8,2.4,6,6,4300,6.57,1080,1,108.0,32.0
oppo a54,2838411,74.0,4,1,0,0,8,2.3,6,6,5000,6.51,1600,3,13.0,16.0
realme 8i,2365311,74.0,4,1,0,0,8,2.05,4,4,5000,6.6,1080,3,50.0,16.0
iqoo 7 legend,7567708,84.0,5,1,1,0,8,2.84,8,8,4000,6.62,1080,3,48.0,16.0
realme c11 2021,1229871,61.0,4,1,0,0,8,1.6,2,2,5000,6.52,720,1,8.0,5.0
samsung galaxy a22,3500751,76.0,4,1,0,0,8,2.0,6,6,5000,6.4,720,1,48.0,13.0
realme gt 5g,5865305,85.0,5,1,1,0,8,2.84,8,8,4500,6.43,1080,3,64.0,16.0
google pixel 5a,6244731,78.0,5,1,1,0,8,2.4,6,6,4620,6.34,1080,2,16.0,8.0
samsung galaxy f12,1986831,73.0,4,1,0,0,8,2.0,4,4,6000,6.5,720,1,48.0,8.0
samsung galaxy f41,3784611,82.0,4,1,0,0,8,2.3,6,6,6000,6.4,1080,3,64.0,32.0
samsung galaxy a21s,3311511,75.0,4,1,0,0,8,2.0,6,6,5000,6.5,720,1,48.0,13.0
xiaomi redmi 9a,2079748,69.0,4,1,0,0,8,2.0,6,6,5000,6.53,720,1,13.0,5.0
vivo v20 se,3595560,82.0,4,1,0,0,8,2.0,8,8,4100,6.44,1080,3,48.0,32.0
oppo a53 2020,2647468,70.0,4,1,0,0,8,1.8,6,6,5000,6.5,1600,3,13.0,16.0
realme narzo 20,1986831,72.0,4,1,0,0,8,2.0,4,4,6000,6.5,720,3,48.0,8.0
itel vision 1,1114624,80.0,4,1,0,0,8,1.6,3,3,4000,6.09,1520,2,8.0,5.0
realme c11,1228168,61.0,4,1,0,0,8,2.3,2,2,5000,6.5,720,2,13.0,5.0
xiaomi mi 10 5g,10408011,88.0,5,1,1,1,8,2.84,8,8,4780,6.67,1080,1,108.0,20.0
vivo y21,1890508,65.0,4,1,0,0,8,1.8,4,4,5000,6.5,720,2,13.0,13.0
oneplus z,4730811,79.0,4,1,0,0,8,2.4,8,8,4300,6.55,1080,3,64.0,16.0
sharp aquos r5g,11352508,88.0,4,1,1,0,8,2.84,12,12,3730,6.5,1440,3,48.0,16.0
huawei mate 30 rs porsche design,40684708,80.0,5,1,1,1,8,2.86,12,12,4500,6.53,1176,1,40.0,32.0
samsung galaxy a11,1890508,63.0,4,1,0,0,8,1.8,2,2,4000,6.4,720,3,13.0,8.0
realme c2,1324491,80.0,4,1,0,0,8,2.0,2,2,4000,6.1,1560,2,13.0,5.0
samsung galaxy a9 pro,7567708,78.0,4,1,1,0,8,2.2,6,6,3400,6.4,1080,3,24.0,24.0
samsung galaxy a7,4066768,70.0,4,1,0,0,8,2.2,4,4,3300,6.0,2220,3,24.0,24.0
vivo y55s,2552848,80.0,4,1,0,0,4,1.2,3,3,2730,5.2,720,1,13.0,5.0
poco c55,1513731,70.0,4,1,0,0,8,2.0,4,4,5000,6.71,720,1,50.0,5.0
blackview bv5200 pro,1701268,67.0,5,1,1,0,8,2.3,4,4,5180,6.1,720,1,13.0,8.0
honor x7a,2649171,75.0,4,1,0,0,8,2.3,6,6,5000,6.75,720,1,50.0,8.0
oppo a58x,2647468,72.0,5,1,0,0,8,2.2,6,6,5000,6.56,720,2,13.0,8.0
doogee s99,2838411,84.0,4,1,1,0,8,2.05,8,8,6000,6.3,1080,3,108.0,32.0
lava x3,1324491,80.0,4,1,0,0,4,2.0,3,3,4000,6.5,1600,1,8.0,5.0
ikall z18,1286643,61.0,4,1,0,0,4,1.3,4,4,5000,6.82,720,1,20.0,13.0
oukitel wp9,4901127,72.0,4,0,1,0,8,2.0,6,6,8000,5.86,720,3,16.0,8.0
xiaomi 14,10408011,89.0,5,1,1,1,8,3.2,12,12,5000,6.43,1440,3,50.0,32.0
motorola thinkphone,9460108,89.0,5,1,1,0,8,3.2,8,8,5000,6.6,1080,4,50.0,32.0
xiaomi civi 3,6243028,86.0,5,1,1,1,8,3.1,8,8,5000,6.7,1080,4,64.0,32.0
realme narzo 50i prime,1650173,64.0,4,1,0,0,8,1.82,4,4,5000,6.5,720,1,8.0,5.0
oppo find x6,13244908,89.0,5,1,1,0,8,3.2,8,8,4700,6.73,1080,3,50.0,32.0
vivo x fold 2,22706908,80.0,5,1,1,0,8,3.2,12,12,4800,8.03,1916,3,50.0,32.0
motorola moto edge s30 pro,6621508,83.0,5,1,0,0,8,3.0,8,8,5000,6.67,1080,3,64.0,16.0
honor x8 5g,2836708,75.0,5,1,0,0,8,2.2,6,6,5000,6.5,720,2,48.0,8.0
poco x4 gt 5g,5486068,85.0,5,1,1,1,8,2.85,8,8,5080,6.6,1080,3,64.0,16.0
motorola moto g91 5g,3782908,80.0,5,1,1,0,8,2.2,6,6,5000,6.8,1080,3,108.0,32.0
